x,reference_1,reference_2,reference_3,reference_4,reference_5,reference_6,reference_7,reference_8,reference_9,reference_10,reference_11,reference_12,reference_13,reference_14,reference_15,reference_16,reference_17,reference_18,reference_19,reference_20,reference_21,reference_22,reference_23,reference_24,reference_25,reference_26,reference_27,reference_28,reference_29,reference_30,reference_31,reference_32,reference_33,reference_34,reference_35,reference_36,reference_37,reference_38,reference_39,reference_40,reference_41,reference_42,reference_43,reference_44,reference_45,reference_46,reference_47,reference_48,reference_49,reference_50
0.01,-0.006683800932020145,-0.10173706341401667,-0.1967903258960132,-0.29184358837800967,-0.38689685086000625,-0.4819501133420028,-0.5805178723019525,-0.7335603266701796,-0.8866027810384065,-1.0396452354066335,-1.1926876897748604,-1.3457301441430873,-1.4985317139093945,-1.6495868703117837,-1.8006420267141734,-1.9516971831165626,-2.102752339518952,-2.253807495921341,-2.405011869977363,-2.5568877234747336,-2.7087635769721032,-2.8606394304694733,-3.012515283966843,-3.164391137464213,-3.3228871479477893,-3.5020711490132608,-3.6812551500787323,-3.860439151144205,-4.039623152209677,-4.218807153275148,-4.383108672542354,-4.513180483673548,-4.643252294804742,-4.773324105935935,-4.9033959170671295,-5.033467728198323,-5.180256499366462,-5.3562999505992535,-5.532343401832046,-5.708386853064837,-5.884430304297629,-6.0604737555304204,-6.291574434460521,-6.597395636694112,-6.903216838927704,-7.153471672426688,-7.3370468634441455,-7.520622054461603,-6.465712273838537,-4.094912210847378
0.02,-0.20642347557486637,-0.29711707875813154,-0.3878106819413968,-0.4785042851246619,-0.5691978883079272,-0.6598914914911924,-0.751848165360248,-0.863382434859056,-0.9749167043578637,-1.0864509738566714,-1.1979852433554794,-1.3095195128542871,-1.4216717368638223,-1.5383041310761316,-1.6549365252884412,-1.7715689195007505,-1.8882013137130598,-2.004833707925369,-2.1239088624677147,-2.2539764384952243,-2.3840440145227335,-2.514111590550243,-2.6441791665777523,-2.7742467426052615,-2.9107263356676114,-3.0672434819638372,-3.2237606282600635,-3.38027777455629,-3.5367949208525165,-3.6933120671487423,-3.823234891333553,-3.891990774662108,-3.9607466579906627,-4.029502541319218,-4.0982584246477725,-4.167014307976328,-4.268804724658988,-4.4284055747113324,-4.5880064247636785,-4.747607274816024,-4.907208124868369,-5.066808974920714,-5.217581658443575,-5.356373258819279,-5.495164859194984,-5.607903837546811,-5.689379669469984,-5.770855501393157,-4.924652207060182,-3.0927898410800228
0.03,-0.280027579173923,-0.36133015803625923,-0.4426327368985955,-0.5239353157609318,-0.6052378946232679,-0.6865404734856042,-0.7687804882389452,-0.8655507593028594,-0.9623210303667735,-1.0590913014306877,-1.155861572494602,-1.252631843558516,-1.3501786391201838,-1.453355237290565,-1.5565318354609463,-1.6597084336313273,-1.7628850318017084,-1.8660616299720894,-1.968416896946566,-2.067076173539472,-2.165735450132378,-2.2643947267252833,-2.3630540033181893,-2.461713279911095,-2.5669420285594002,-2.69270037738083,-2.81845872620226,-2.9442170750236905,-3.0699754238451202,-3.19573377266655,-3.3088109291629526,-3.392721343311793,-3.4766317574606336,-3.560542171609474,-3.6444525857583145,-3.728362999907155,-3.8325568207867,-3.9722466034449773,-4.111936386103256,-4.2516261687615335,-4.391315951419811,-4.5310057340780885,-4.649274982278279,-4.738473505142496,-4.827672028006711,-4.899901255207114,-4.9517673276109395,-5.003633400014765,-4.26124000060343,-2.6749459123884627
0.04,-0.3536316827729796,-0.4255432373143869,-0.49745479185579417,-0.5693663463972014,-0.6412779009386087,-0.713189455480016,-0.7857128111176422,-0.8677190837466628,-0.9497253563756833,-1.0317316290047038,-1.1137379016337245,-1.195744174262745,-1.2786855413765452,-1.368406343504998,-1.458127145633451,-1.5478479477619038,-1.6375687498903566,-1.7272895520188096,-1.8129249314254168,-1.8801759085837193,-1.9474268857420216,-2.014677862900324,-2.081928840058626,-2.1491798172169285,-2.22315772145119,-2.3181572727978232,-2.4131568241444565,-2.5081563754910903,-2.6031559268377236,-2.698155478184357,-2.794386966992352,-2.8934519119614777,-2.992516856930604,-3.09158180189973,-3.190646746868856,-3.289711691837982,-3.3963089169144114,-3.5160876321786216,-3.6358663474428323,-3.7556450627070426,-3.8754237779712524,-3.9952024932354626,-4.080968306112983,-4.120573751465711,-4.160179196818439,-4.191898672867417,-4.214154985751895,-4.236411298636373,-3.597827794146677,-2.257101983696902
0.05,-0.40819180383592946,-0.47320714654181406,-0.5382224892476987,-0.6032378319535832,-0.6682531746594678,-0.7332685173653524,-0.798546041356332,-0.8678873752662836,-0.9372287091762351,-1.0065700430861866,-1.0759113769961384,-1.14525271090609,-1.2156609411494559,-1.2938041698100768,-1.3719473984706978,-1.4500906271313188,-1.5282338557919397,-1.6063770844525607,-1.6822935678767015,-1.7481896977366824,-1.8140858275966631,-1.879981957456644,-1.9458780873166248,-2.0117742171766055,-2.082961743541068,-2.1706848839820356,-2.258408024423004,-2.346131164863972,-2.4338543053049397,-2.5215774457459075,-2.6086473673914483,-2.694214885807506,-2.779782404223564,-2.8653499226396217,-2.950917441055679,-3.036484959471737,-3.1233351910976275,-3.2124301708407246,-3.3015251505838226,-3.39062013032692,-3.479715110070017,-3.5688100898131148,-3.6431542534744294,-3.6974794524533254,-3.7518046514322214,-3.792821407839652,-3.8178680331613233,-3.8429146584829947,-3.24822232517667,-1.9950573483280818
0.06,-0.42253037478398614,-0.48261993501023615,-0.5427094952364862,-0.6027990554627362,-0.6628886156889862,-0.7229781759152363,-0.7832527898478576,-0.8463957362292357,-0.9095386826106138,-0.9726816289919918,-1.03582457537337,-1.0989675217547479,-1.1628701262152532,-1.2322802517494305,-1.3016903772836081,-1.3711005028177854,-1.4405106283519629,-1.5099207538861403,-1.5782868387581723,-1.6419547406505517,-1.7056226425429308,-1.76929054443531,-1.8329584463276891,-1.8966263482200683,-1.9639905726266058,-2.042905804889889,-2.1218210371531727,-2.2007362694164563,-2.27965150167974,-2.358566733943023,-2.436864507311675,-2.513742125222674,-2.5906197431336735,-2.667497361044673,-2.7443749789556717,-2.821252596866671,-2.8973772806085596,-2.972184329554504,-3.046991378500449,-3.1217984274463935,-3.196605476392338,-3.2714125253382824,-3.341839316119649,-3.4063214708205174,-3.470803625521386,-3.516167850592303,-3.538590560107278,-3.5610132696222534,-2.999098231029708,-1.8163243350729044
0.07,-0.4368689457320428,-0.49203272347865823,-0.5471965012252736,-0.602360278971889,-0.6575240567185044,-0.71268783446512,-0.7679595383393831,-0.8249040971921877,-0.8818486560449923,-0.9387932148977969,-0.9957377737506015,-1.052682332603406,-1.1100793112810505,-1.1707563336887843,-1.2314333560965183,-1.2921103785042523,-1.352787400911986,-1.4134644233197198,-1.474456863778826,-1.5368686854691085,-1.5992805071593907,-1.661692328849673,-1.7241041505399552,-1.7865159722302373,-1.850733291762042,-1.920592792048605,-1.9904522923351677,-2.060311792621731,-2.130171292908294,-2.2000307931948564,-2.269267626951229,-2.3370723276881633,-2.404877028425098,-2.4726817291620327,-2.540486429898967,-2.608291130635902,-2.67332241686898,-2.733500227720309,-2.793678038571638,-2.8538558494229673,-2.9140336602742964,-2.974211471125625,-3.0405243787648684,-3.115163489187709,-3.18980259961055,-3.239514293344954,-3.2593130870532327,-3.279111880761512,-2.7499741368827455,-1.6375913218177267
0.08,-0.4452648316563456,-0.4966173760481833,-0.5479699204400209,-0.5993224648318586,-0.6506750092236963,-0.702027553615534,-0.7535796388211349,-0.8082246066400668,-0.8628695744589986,-0.9175145422779304,-0.9721595100968623,-1.026804477915794,-1.081609183853406,-1.1375719911514504,-1.1935347984494948,-1.2494976057475389,-1.3054604130455831,-1.3614232203436274,-1.4178391993916026,-1.476294451314268,-1.534749703236933,-1.5932049551595981,-1.651660207082263,-1.7101154590049283,-1.7694283102654869,-1.8314211594569627,-1.8934140086484386,-1.9554068578399149,-2.017399707031391,-2.079392556222867,-2.142257969591019,-2.2071302805655266,-2.272002591540035,-2.3368749025145426,-2.4017472134890507,-2.4666195244635585,-2.52603111122763,-2.575886430623437,-2.6257417500192446,-2.6755970694150517,-2.725452388810859,-2.775307708206666,-2.8301181369339807,-2.8916533568969136,-2.9531885768598465,-2.9985529807839972,-3.0245124054616084,-3.05047183013922,-2.5397676234921365,-1.4588583085625495
0.09,-0.4472169922970814,-0.4960818933245028,-0.5449467943519243,-0.5938116953793456,-0.6426765964067671,-0.6915414974341885,-0.7406940709169632,-0.7943055674577132,-0.8479170639984631,-0.901528560539213,-0.9551400570799631,-1.008751553620713,-1.0620820804120648,-1.1133755765202806,-1.1646690726284965,-1.2159625687367124,-1.267256064844928,-1.318549560953144,-1.3701440543906898,-1.4230930358102207,-1.4760420172297515,-1.5289909986492825,-1.5819399800688132,-1.6348889614883442,-1.6881233287689315,-1.7422495268653204,-1.7963757249617096,-1.8505019230580988,-1.9046281211544878,-1.9587543192508767,-2.015248312230809,-2.0771882334428904,-2.139128154654972,-2.201068075867053,-2.2630079970791344,-2.324947918291216,-2.3787927695977436,-2.418471248569552,-2.458149727541361,-2.4978282065131694,-2.537506685484978,-2.5771851644567865,-2.622566524012816,-2.6756875072188606,-2.7288084904249046,-2.772186303019661,-2.803872310880871,-2.835558318742081,-2.3386549260621927,-1.2801252953073718
0.1,-0.4471243382245515,-0.4936127842596812,-0.5401012302948109,-0.5865896763299406,-0.6330781223650703,-0.6795665684002,-0.726270742944615,-0.7763187093829521,-0.8263666758212891,-0.8764146422596261,-0.9264626086979632,-0.9765105751363001,-1.0261904755289883,-1.0732018970907218,-1.1202133186524552,-1.1672247402141889,-1.2142361617759223,-1.2612475833376557,-1.3087247897195313,-1.358298027792047,-1.4078712658645625,-1.4574445039370778,-1.5070177420095932,-1.5565909800821085,-1.60667480769517,-1.6583542276224386,-1.7100336475497069,-1.7617130674769754,-1.8133924874042437,-1.865071907331512,-1.917631719783018,-1.9722164350402698,-2.026801150297522,-2.0813858655547737,-2.1359705808120255,-2.190555296069278,-2.239242663296159,-2.277609671469891,-2.315976679643623,-2.354343687817355,-2.3927106959910875,-2.4310777041648195,-2.4715238642257242,-2.5147917304192204,-2.558059596612716,-2.594480136674771,-2.6226838853790957,-2.650887634083421,-2.154714942154322,-1.1013922820521944
0.11,-0.44284817156519624,-0.48633018974071646,-0.5298122079162366,-0.5732942260917568,-0.6167762442672771,-0.6602582624427973,-0.703894263050476,-0.7499169913566123,-0.7959397196627486,-0.8419624479688848,-0.8879851762750212,-0.9340079045811573,-0.9796123410538989,-1.0221841617345286,-1.0647559824151585,-1.1073278030957883,-1.149899623776418,-1.192471444457048,-1.2360256580603481,-1.284000639815666,-1.331975621570984,-1.3799506033263018,-1.4279255850816197,-1.4759005668369378,-1.5243962991617337,-1.5745193770161483,-1.624642454870563,-1.674765532724978,-1.7248886105793926,-1.7750116884338074,-1.8241447273025282,-1.8710006765041538,-1.9178566257057794,-1.964712574907405,-2.0115685241090304,-2.058424473310656,-2.1030772066201,-2.1438743121182258,-2.1846714176163515,-2.2254685231144773,-2.266265628612603,-2.307062734110729,-2.344741823351591,-2.378189319100452,-2.4116368148493135,-2.4427007892142942,-2.4709045379186185,-2.4991082866229433,-1.9941343976996562,-0.922659268797017
0.12,-0.4385720049058409,-0.4790475952217516,-0.5195231855376623,-0.559998775853573,-0.6004743661694838,-0.6409499564853944,-0.6815177831563369,-0.7235152733302725,-0.765512763504208,-0.8075102536781436,-0.8495077438520791,-0.8915052340260146,-0.9331027086797664,-0.9718000708121874,-1.0104974329446084,-1.0491947950770295,-1.0878921572094504,-1.1265895193418713,-1.166973649305966,-1.2149482345125926,-1.2629228197192188,-1.3108974049258453,-1.3588719901324717,-1.4068465753390982,-1.4545665081427952,-1.5014906521873377,-1.5484147962318804,-1.595338940276423,-1.6422630843209658,-1.6891872283655083,-1.7343671634245887,-1.7755354178171063,-1.816703672209624,-1.8578719266021415,-1.899040180994659,-1.9402084353871767,-1.9811939504411855,-2.021859671652804,-2.0625253928644227,-2.1031911140760413,-2.14385683528766,-2.1845225564992785,-2.2201883893217724,-2.249068659330454,-2.277948929339136,-2.304133896616539,-2.327084500616407,-2.3500351046162757,-1.8336972114063272,-0.7443652899109323
0.13,-0.43566209305159637,-0.4748932599646554,-0.5141244268777145,-0.5533555937907735,-0.5925867607038326,-0.6318179276168916,-0.6710633485732619,-0.7105297072009551,-0.7499960658286484,-0.7894624244563416,-0.828928783084035,-0.8683951417117282,-0.907870617671432,-0.9474121942882121,-0.9869537709049924,-1.0264953475217724,-1.0660369241385526,-1.1055785007553327,-1.1460684306398081,-1.1908259502289116,-1.235583469818015,-1.2803409894071185,-1.325098508996222,-1.3698560285853256,-1.4136926954022493,-1.454651697306111,-1.495610699209973,-1.5365697011138348,-1.5775287030176968,-1.6184877049215585,-1.6601472282254832,-1.7034179507495524,-1.7466886732736218,-1.7899593957976911,-1.8332301183217603,-1.8765008408458297,-1.9164266204482299,-1.9504987499377093,-1.9845708794271888,-2.0186430089166683,-2.0527151384061475,-2.0867872678956267,-2.1204286836758834,-2.153485559422194,-2.186542435168505,-2.21215320573718,-2.2288286500926926,-2.2455040944482048,-1.7412398492702765,-0.6834771839630522
0.14,-0.43397674952122756,-0.47296042725977444,-0.5119441049983213,-0.5509277827368683,-0.5899114604754152,-0.628895138213962,-0.6676861078947568,-0.7034901026803929,-0.739294097466029,-0.775098092251665,-0.8109020870373012,-0.8467060818229373,-0.8830567332222876,-0.9233706450710661,-0.9636845569198449,-1.0039984687686234,-1.044312380617402,-1.0846262924661807,-1.1251632119736505,-1.166703665945231,-1.2082441199168115,-1.2497845738883917,-1.2913250278599722,-1.3328654818315526,-1.3728748406078048,-1.408099526898656,-1.4433242131895074,-1.478548899480359,-1.5137735857712102,-1.5489982720620616,-1.5872283152732463,-1.632370679401197,-1.6775130435291479,-1.7226554076570986,-1.7677977717850495,-1.8129401359130002,-1.85176335857436,-1.8795280836691854,-1.9072928087640109,-1.9350575338588363,-1.9628222589536617,-1.990586984048487,-2.022125931697192,-2.058787038526161,-2.0954481453551304,-2.1202539305304837,-2.1308333297214985,-2.1414127289125133,-1.6491407160939426,-0.6225890780151722
0.15,-0.4317515042792516,-0.46902432809331907,-0.5062971519073866,-0.543569975721454,-0.5808427995355216,-0.6181156233495891,-0.6551389913639939,-0.6882957944836257,-0.7214525976032575,-0.7546094007228893,-0.787766203842521,-0.8209230069621529,-0.8546858348952272,-0.8928423427257592,-0.9309988505562914,-0.9691553583868235,-1.0073118662173557,-1.0454683740478878,-1.0838478572959735,-1.1232307299230506,-1.1626136025501275,-1.2019964751772045,-1.2413793478042814,-1.2807622204313585,-1.318930352259652,-1.3533024190917482,-1.3876744859238441,-1.42204655275594,-1.4564186195880362,-1.4907906864201321,-1.527385656566993,-1.5690933043378137,-1.6108009521086344,-1.652508599879455,-1.6942162476502758,-1.7359238954210965,-1.771887182940415,-1.7977978400196046,-1.8237084970987945,-1.849619154177984,-1.8755298112571739,-1.9014404683363635,-1.9317660013015434,-1.9680831515405675,-2.0044003017795915,-2.0280165605859026,-2.0363917496729576,-2.044766938760013,-1.5658268869256722,-0.5691143916123338
0.16,-0.42753738674525443,-0.46152635557289906,-0.4955153244005437,-0.5295042932281884,-0.5634932620558329,-0.5974822308834776,-0.6313498196702113,-0.6633360178228257,-0.6953222159754401,-0.7273084141280544,-0.7592946122806689,-0.7912808104332831,-0.8236055786597614,-0.858384979921752,-0.8931643811837426,-0.9279437824457333,-0.9627231837077239,-0.9975025849697146,-1.032909656238051,-1.0711412425349434,-1.1093728288318356,-1.147604415128728,-1.1858360014256202,-1.2240675877225125,-1.261313124110699,-1.2954772545341802,-1.3296413849576612,-1.3638055153811424,-1.3979696458046234,-1.4321337762281043,-1.4674095662128537,-1.5052421731885202,-1.5430747801641866,-1.580907387139853,-1.6187399941155194,-1.6565726010911856,-1.689827120056516,-1.7150699850037583,-1.7403128499510006,-1.7655557148982428,-1.7907985798454849,-1.816041444792727,-1.8449270099027644,-1.8787562395194526,-1.9125854691361408,-1.9367378118080292,-1.9492778901461574,-1.9618179684842858,-1.5101914842653663,-0.5653880273295693
0.17,-0.42332326921125735,-0.45402838305247906,-0.4847334968937008,-0.5154386107349226,-0.5461437245761442,-0.576848838417366,-0.6075606479764287,-0.6383762411620256,-0.6691918343476225,-0.7000074275332194,-0.7308230207188163,-0.7616386139044132,-0.7925253224242953,-0.8239276171177445,-0.8553299118111938,-0.886732206504643,-0.9181345011980923,-0.9495367958915415,-0.9819714551801286,-1.0190517551468363,-1.0561320551135438,-1.0932123550802513,-1.130292655046959,-1.1673729550136664,-1.2036958959617459,-1.237652089976612,-1.2716082839914782,-1.3055644780063445,-1.3395206720212107,-1.3734768660360768,-1.4074334758587146,-1.4413910420392266,-1.4753486082197387,-1.5093061744002507,-1.5432637405807628,-1.5772213067612748,-1.607767057172617,-1.6323421299879117,-1.6569172028032064,-1.6814922756185011,-1.7060673484337958,-1.7306424212490905,-1.7580880185039856,-1.7894293274983377,-1.82077063649269,-1.8454590630301557,-1.8621640306193572,-1.8788689982085587,-1.4545560816050602,-0.5616616630468048
0.18,-0.41903161712451453,-0.4475459451851053,-0.4760602732456961,-0.504574601306287,-0.5330889293668777,-0.5616032574274685,-0.5902829547560673,-0.6215258757387896,-0.6527687967215119,-0.6840117177042342,-0.7152546386869566,-0.7464975596696789,-0.7775384569449395,-0.8071146823411035,-0.8366909077372675,-0.8662671331334314,-0.8958433585295953,-0.9254195839257592,-0.9560700994239625,-0.9915549203813434,-1.0270397413387242,-1.062524562296105,-1.0980093832534856,-1.1334942042108664,-1.1685633746243107,-1.202333637087953,-1.2361038995515954,-1.2698741620152378,-1.30364442447888,-1.3374146869425225,-1.3708659283783753,-1.4035834214503122,-1.4363009145222492,-1.4690184075941863,-1.5017359006661233,-1.5344533937380602,-1.563095291792647,-1.5846048985668713,-1.6061145053410957,-1.6276241121153199,-1.649133718889544,-1.6706433256637683,-1.6954639074236997,-1.7247779552356628,-1.7540920030476257,-1.776829600173674,-1.7916754564766253,-1.8065213127795763,-1.4039703603898168,-0.5579352987640404
0.19,-0.41460904241656243,-0.4420225889718262,-0.46943613552708996,-0.49684968208235375,-0.5242632286376175,-0.5516767751928813,-0.5792959276834536,-0.6101019721713081,-0.6409080166591625,-0.671714061147017,-0.7025201056348716,-0.7333261501227261,-0.7638624476915913,-0.7924430800977843,-0.8210237125039774,-0.8496043449101705,-0.8781849773163635,-0.9067656097225565,-0.9363537172616769,-0.9704754628989711,-1.004597208536265,-1.0387189541735593,-1.0728406998108535,-1.1069624454481475,-1.140860630666246,-1.1740601895743588,-1.2072597484824714,-1.2404593073905843,-1.2736588662986967,-1.3068584252068094,-1.3395001866176897,-1.3708590137849352,-1.402217840952181,-1.4335766681194266,-1.4649354952866724,-1.496294322453918,-1.5238022514267737,-1.544571108559447,-1.56533996569212,-1.5861088228247933,-1.6068776799574664,-1.6276465370901396,-1.6509948849074243,-1.6778439700823962,-1.704693055257368,-1.7254602973189583,-1.7389293276444908,-1.7523983579700233,-1.3662639111744088,-0.5555507699375638
0.2,-0.4101864677086103,-0.436499232758547,-0.46281199780848375,-0.48912476285842044,-0.5154375279083572,-0.5417502929582939,-0.5683089006108397,-0.5986780686038264,-0.6290472365968132,-0.6594164045897999,-0.6897855725827867,-0.7201547405757733,-0.7501864384382432,-0.7777714778544652,-0.8053565172706874,-0.8329415566869095,-0.8605265961031315,-0.8881116355193536,-0.9166373350993912,-0.9493960054165987,-0.9821546757338062,-1.0149133460510138,-1.0476720163682212,-1.0804306866854287,-1.1131578867081817,-1.1457867420607646,-1.1784155974133477,-1.2110444527659308,-1.2436733081185136,-1.2763021634710965,-1.308134444857004,-1.3381346061195585,-1.368134767382113,-1.3981349286446672,-1.4281350899072216,-1.458135251169776,-1.4845092110609006,-1.5045373185520226,-1.5245654260431447,-1.5445935335342669,-1.5646216410253888,-1.584649748516511,-1.6065258623911487,-1.6309099849291295,-1.6552941074671104,-1.6740909944642424,-1.6861831988123563,-1.69827540316047,-1.3296762950131382,-0.5565926673393836
0.21,-0.4057638930006582,-0.43097587654526787,-0.4561878600898776,-0.4813998436344873,-0.506611827179097,-0.5318238107237067,-0.557321873538226,-0.587254165036345,-0.6171864565344639,-0.6471187480325828,-0.6770510395307018,-0.7069833310288207,-0.7365104291848951,-0.7630998756111462,-0.7896893220373974,-0.8162787684636486,-0.8428682148898997,-0.8694576613161509,-0.8969209529371056,-0.9283165479342266,-0.9597121429313474,-0.9911077379284683,-1.022503332925589,-1.05389892792271,-1.0854551427501173,-1.1175132945471706,-1.149571446344224,-1.1816295981412772,-1.2136877499383305,-1.2457459017353836,-1.2767687030963186,-1.3054101984541817,-1.3340516938120448,-1.3626931891699077,-1.3913346845277708,-1.4199761798856338,-1.445216170695027,-1.4645035285445982,-1.4837908863941691,-1.5030782442437403,-1.5223656020933112,-1.5416529599428823,-1.5620568398748733,-1.5839759997758631,-1.605895159676853,-1.6227216916095268,-1.633437069980222,-1.6441524483509173,-1.2930886788518678,-0.5576345647412034
0.22,-0.40134131829270603,-0.4254525203319887,-0.44956372237127135,-0.47367492441055403,-0.49778612644983666,-0.5218973284891193,-0.5463348464656123,-0.5758302614688634,-0.6053256764721145,-0.6348210914753657,-0.6643165064786168,-0.693811921481868,-0.722834419931547,-0.7484282733678271,-0.7740221268041074,-0.7996159802403877,-0.8252098336766679,-0.8508036871129481,-0.87720457077482,-0.9072370904518543,-0.9372696101288884,-0.9673021298059226,-0.9973346494829568,-1.027367169159991,-1.057752398792053,-1.0892398470335765,-1.1207272952751,-1.1522147435166237,-1.1837021917581472,-1.2151896399996707,-1.245402961335633,-1.2726857907888047,-1.2999686202419765,-1.3272514496951482,-1.3545342791483201,-1.3818171086014919,-1.405923130329154,-1.4244697385371738,-1.4430163467451937,-1.4615629549532139,-1.4801095631612338,-1.4986561713692537,-1.517587817358598,-1.5370420146225965,-1.556496211886595,-1.5713523887548109,-1.5806909411480876,-1.5900294935413644,-1.2565010626905972,-0.5586764621430234
0.23,-0.3969187435847539,-0.4199291641187095,-0.44293958465266514,-0.4659500051866208,-0.48896042572057646,-0.511970846254532,-0.5353478193929985,-0.5644063579013818,-0.5934648964097652,-0.6225234349181485,-0.651581973426532,-0.6806405119349153,-0.7091584106781987,-0.733756671124508,-0.7583549315708175,-0.7829531920171268,-0.807551452463436,-0.8321497129097453,-0.8574881886125343,-0.8861576329694819,-0.9148270773264295,-0.943496521683377,-0.9721659660403246,-1.000835410397272,-1.0300496548339886,-1.0609663995199823,-1.091883144205976,-1.1227998888919701,-1.1537166335779638,-1.1846333782639575,-1.2140372195749474,-1.2399613831234277,-1.2658855466719083,-1.2918097102203887,-1.317733873768869,-1.3436580373173497,-1.3666300899632804,-1.3844359485297493,-1.4022418070962184,-1.4200476656626873,-1.4378535242291561,-1.455659382795625,-1.4731187948423223,-1.4901080294693299,-1.5070972640963372,-1.519983085900095,-1.5279448123159531,-1.5359065387318112,-1.2199134465293264,-0.5597183595448432
0.24,-0.3924961688768018,-0.4144058079054304,-0.436315446934059,-0.45822508596268763,-0.48013472499131626,-0.5020443640199449,-0.5243607923203848,-0.5529824543339004,-0.5816041163474159,-0.6102257783609315,-0.6388474403744471,-0.6674691023879626,-0.6954824014248506,-0.7190850688811891,-0.7426877363375275,-0.7662904037938658,-0.7898930712502042,-0.8134957387065426,-0.8377718064502486,-0.8650781754871096,-0.8923845445239706,-0.9196909135608315,-0.9469972825976924,-0.9743036516345533,-1.0023469108759242,-1.0326929520063883,-1.0630389931368525,-1.0933850342673166,-1.1237310753977807,-1.1540771165282449,-1.182671477814262,-1.2072369754580512,-1.2318024731018402,-1.2563679707456294,-1.2809334683894185,-1.3054989660332077,-1.3273370495974073,-1.3444021585223251,-1.361467267447243,-1.3785323763721606,-1.3955974852970785,-1.4126625942219964,-1.428649772326047,-1.4431740443160632,-1.4576983163060797,-1.4686137830453794,-1.4751986834838189,-1.4817835839222584,-1.183325830368056,-0.560760256946663
0.25,-0.3880735941688496,-0.4088824516921512,-0.4296913092154528,-0.45050016673875437,-0.4713090242620559,-0.49211788178535754,-0.513373765247771,-0.5415585507664188,-0.5697433362850666,-0.5979281218037144,-0.6261129073223621,-0.6542976928410099,-0.6818063921715025,-0.70441346663787,-0.7270205411042375,-0.749627615570605,-0.7722346900369724,-0.7948417645033399,-0.8180554242879631,-0.8439987180047374,-0.8699420117215116,-0.8958853054382859,-0.9218285991550602,-0.9477718928718345,-0.9746441669178597,-1.0044195044927942,-1.0341948420677285,-1.063970179642663,-1.0937455172175976,-1.123520854792532,-1.1513057360535766,-1.1745125677926742,-1.197719399531772,-1.22092623127087,-1.2441330630099676,-1.2673398947490655,-1.2880440092315337,-1.3043683685149006,-1.3206927277982674,-1.3370170870816342,-1.3533414463650009,-1.3696658056483677,-1.3841807498097713,-1.3962400591627966,-1.4082993685158218,-1.4172444801906634,-1.4224525546516844,-1.4276606291127054,-1.1467382142067857,-0.5618021543484828
0.26,-0.38365101946089747,-0.403359095478872,-0.42306717149684653,-0.44277524751482106,-0.46248332353279564,-0.48219139955077017,-0.5023867381751571,-0.5301346471989372,-0.5578825562227171,-0.5856304652464971,-0.6133783742702772,-0.6411262832940572,-0.6681303829181543,-0.6897418643945508,-0.7113533458709475,-0.7329648273473439,-0.7545763088237405,-0.776187790300137,-0.7983390421256773,-0.8229192605223651,-0.8474994789190526,-0.8720796973157403,-0.896659915712428,-0.9212401341091156,-0.9469414229597952,-0.9761460569792,-1.0053506909986047,-1.0345553250180095,-1.0637599590374143,-1.092964593056819,-1.119939994292891,-1.1417881601272974,-1.1636363259617037,-1.1854844917961103,-1.2073326576305168,-1.2291808234649233,-1.2487509688656604,-1.2643345785074762,-1.2799181881492918,-1.2955017977911076,-1.3110854074329232,-1.326669017074739,-1.339711727293496,-1.34930607400953,-1.3589004207255642,-1.3658751773359474,-1.36970642581955,-1.3735376743031524,-1.110150598045515,-0.5628440517503027
0.27,-0.3792284447529453,-0.39783573926559285,-0.4164430337782403,-0.43505032829088786,-0.4536576228035354,-0.4722649173161829,-0.49139971110254344,-0.5187107436314556,-0.5460217761603678,-0.57333280868928,-0.6006438412181923,-0.6279548737471045,-0.6544543736648062,-0.6750702621512318,-0.6956861506376575,-0.7163020391240831,-0.7369179276105087,-0.7575338160969343,-0.7786226599633918,-0.8018398030399928,-0.8250569461165937,-0.8482740891931948,-0.8714912322697957,-0.8947083753463967,-0.9192386790017308,-0.9478726094656058,-0.9765065399294808,-1.005140470393356,-1.033774400857231,-1.062408331321106,-1.0885742525322053,-1.1090637524619205,-1.1295532523916356,-1.1500427523213508,-1.1705322522510662,-1.1910217521807813,-1.2094579284997873,-1.2243007885000519,-1.2391436485003164,-1.253986508500581,-1.2688293685008456,-1.2836722285011102,-1.2952427047772201,-1.3023720888562633,-1.3095014729353065,-1.3145058744812317,-1.3169602969874155,-1.3194147194935995,-1.0735629818842445,-0.5638859491521225
0.28,-0.3748058700449932,-0.3923123830523137,-0.4098188960596342,-0.42732540906695465,-0.44483192207427513,-0.4623384350815956,-0.48041268402992965,-0.5072868400639741,-0.5341609960980185,-0.5610351521320629,-0.5879093081661073,-0.6147834642001517,-0.6407783644114581,-0.6603986599079127,-0.6800189554043674,-0.6996392509008221,-0.7192595463972767,-0.7388798418937315,-0.7589062778011061,-0.7807603455576204,-0.8026144133141347,-0.8244684810706491,-0.8463225488271635,-0.8681766165836778,-0.8915359350436663,-0.9195991619520116,-0.9476623888603569,-0.9757256157687023,-1.0037888426770476,-1.031852069585393,-1.0572085107715197,-1.0763393447965435,-1.0954701788215675,-1.1146010128465913,-1.133731846871615,-1.1528626808966391,-1.1701648881339137,-1.1842669984926273,-1.1983691088513408,-1.2124712192100544,-1.226573329568768,-1.2406754399274815,-1.2507736822609448,-1.2554381037029967,-1.2601025251450488,-1.263136571626516,-1.2642141681552812,-1.2652917646840465,-1.036975365722974,-0.5649278465539423
0.29,-0.37021016194688233,-0.3872386071056119,-0.40426705226434145,-0.42129549742307104,-0.4383239425818006,-0.45535238774053016,-0.4729307020487273,-0.49903198817367206,-0.5251332742986168,-0.5512345604235616,-0.5773358465485063,-0.6034371326734511,-0.628769988564372,-0.6485317252586199,-0.6682934619528678,-0.6880551986471155,-0.7078169353413634,-0.7275786720356112,-0.7475241228558516,-0.7682962872430585,-0.7890684516302655,-0.8098406160174725,-0.8306127804046795,-0.8513849447918864,-0.8734932036739067,-0.8997767578522184,-0.9260603120305303,-0.9523438662088421,-0.978627420387154,-1.0049109745654659,-1.0273748749984108,-1.0410535718170129,-1.0547322686356146,-1.0684109654542167,-1.0820896622728184,-1.0957683590914205,-1.1108772998987972,-1.1284891676865298,-1.1461010354742627,-1.1637129032619953,-1.181324771049728,-1.1989366388374607,-1.2103829815734586,-1.2134618260249588,-1.216540670476459,-1.2188494910738583,-1.2202342830463362,-1.2216190750188143,-1.0082690429271604,-0.5667632602673601
0.3,-0.36546301999866593,-0.3822928705772586,-0.39912272115585123,-0.41595257173444394,-0.4327824223130366,-0.44961227289162925,-0.4669452644831867,-0.4920769417756983,-0.5172086190682099,-0.5423402963607215,-0.567471973653233,-0.5926036509457446,-0.6171260676256631,-0.6372313448642821,-0.6573366221029011,-0.6774418993415201,-0.6975471765801391,-0.717652453818758,-0.7377314822880198,-0.7576923912951739,-0.7776533003023278,-0.7976142093094818,-0.8175751183166359,-0.83753602732379,-0.8585170252396818,-0.8826858009953791,-0.9068545767510765,-0.931023352506774,-0.9551921282624715,-0.9793609040181689,-0.9993579376265092,-1.009759964295928,-1.020161990965347,-1.030564017634766,-1.0409660443041846,-1.0513680709736035,-1.0654329863306367,-1.085907956890995,-1.1063829274513535,-1.1268578980117119,-1.1473328685720703,-1.1678078391324285,-1.180902634979938,-1.1839814794314385,-1.187060323882939,-1.1891392313649385,-1.1900182144835372,-1.190897197602136,-0.9886207821262516,-0.5704917556437227
0.31,-0.36071587805044947,-0.37734713404890524,-0.393978390047361,-0.4106096460458168,-0.42724090204427256,-0.44387215804272834,-0.4609598269176461,-0.48512189537772454,-0.5092839638378029,-0.5334460322978813,-0.5576081007579597,-0.5817701692180381,-0.6054821466869543,-0.6259309644699445,-0.6463797822529346,-0.6668286000359247,-0.6872774178189147,-0.7077262356019048,-0.7279388417201879,-0.7470884953472889,-0.76623814897439,-0.7853878026014911,-0.8045374562285922,-0.8236871098556933,-0.8435408468054566,-0.8655948441385396,-0.8876488414716227,-0.9097028388047058,-0.9317568361377888,-0.9538108334708719,-0.9733605415752149,-0.9871503844534558,-1.0009402273316967,-1.0147300702099378,-1.0285199130881786,-1.0423097559664196,-1.0571482330616562,-1.0738218200366352,-1.0904954070116142,-1.107168993986593,-1.123842580961572,-1.140516167936551,-1.1514222883864178,-1.1545011328379182,-1.1575799772894186,-1.1594289716560187,-1.1598021459207382,-1.1601753201854574,-0.9689725213253426,-0.5742202510200853
0.32,-0.35560271817465827,-0.37214080058060117,-0.3886788829865441,-0.405216965392487,-0.4217550477984299,-0.4382931302043729,-0.45522820054935353,-0.4783165839494197,-0.5014049673494858,-0.524493350749552,-0.5475817341496182,-0.5706701175496843,-0.5934001283758912,-0.6135319380416177,-0.6336637477073442,-0.6537955573730708,-0.6739273670387973,-0.6940591767045239,-0.7138729636707177,-0.7322556484890146,-0.7506383333073113,-0.7690210181256082,-0.7874037029439049,-0.8057863877622017,-0.8247519740121763,-0.8455391272361439,-0.8663262804601114,-0.8871134336840791,-0.9079005869080466,-0.9286877401320143,-0.9480221083101562,-0.9640150708828994,-0.9800080334556425,-0.9960009960283857,-1.0119939586011288,-1.027986921173872,-1.0432135367704027,-1.057099045158562,-1.0709845535467215,-1.0848700619348808,-1.09875557032304,-1.1126410787111995,-1.1219419417928975,-1.125020786244398,-1.1280996306958986,-1.1297187119470988,-1.1295860773579391,-1.1294534427687792,-0.9493242605244336,-0.5779487463964479
0.33,-0.34862582355901495,-0.365567599905542,-0.382509376252069,-0.39945115259859604,-0.4163929289451231,-0.43333470529165014,-0.4505669713433487,-0.47230182782520685,-0.49403668430706504,-0.5157715407889232,-0.5375063972707813,-0.5592412537526394,-0.5805823660925783,-0.5990688334036024,-0.6175553007146265,-0.6360417680256506,-0.6545282353366746,-0.6730147026476987,-0.6914991444899741,-0.7099744717228803,-0.7284497989557865,-0.7469251261886928,-0.765400453421599,-0.7838757806545051,-0.8028618732376799,-0.8234441075404435,-0.8440263418432072,-0.864608576145971,-0.8851908104487346,-0.9057730447514983,-0.9246934866805322,-0.9397918061499875,-0.9548901256194429,-0.9699884450888983,-0.9850867645583536,-1.000185084027809,-1.0144574028753297,-1.0272842206344646,-1.0401110383935994,-1.0529378561527343,-1.0657646739118691,-1.078591491671004,-1.0877930458687026,-1.0920745995187375,-1.0963561531687727,-1.0985539809069635,-1.0982513375509415,-1.0979486941949195,-0.9292652620356125,-0.5816772417728104
0.34,-0.3416489289433716,-0.35899439923048276,-0.3763398695175939,-0.39368533980470505,-0.4110308100918162,-0.4283762803789274,-0.4459057421373439,-0.46628707170099404,-0.48666840126464417,-0.5070497308282943,-0.5274310603919444,-0.5478123899555946,-0.5677646038092655,-0.5846057287655871,-0.6014468537219088,-0.6182879786782304,-0.6351291036345521,-0.6519702285908737,-0.6691253253092306,-0.6876932949567462,-0.7062612646042619,-0.7248292342517775,-0.7433972038992931,-0.7619651735468087,-0.7809717724631835,-0.8013490878447432,-0.821726403226303,-0.8421037186078628,-0.8624810339894224,-0.8828583493709822,-0.901364865050908,-0.9155685414170757,-0.9297722177832433,-0.9439758941494109,-0.9581795705155786,-0.9723832468817462,-0.9856255180770993,-0.997185330223527,-1.0087451423699547,-1.0203049545163825,-1.03186476666281,-1.0434245788092378,-1.0525394152365073,-1.0583360703306335,-1.06413272542476,-1.067113105817735,-1.0667139565693289,-1.0663148073209228,-0.9091447938521304,-0.585405737149173
0.35,-0.33467203432772835,-0.3524211985554236,-0.3701703627831189,-0.3879195270108141,-0.40566869123850935,-0.42341785546620464,-0.4412445129313391,-0.4602723155767812,-0.4793001182222233,-0.4983279208676654,-0.5173557235131075,-0.5363835261585497,-0.5549468415259526,-0.5701426241275719,-0.585338406729191,-0.6005341893308103,-0.6157299719324294,-0.6309257545340486,-0.6467515061284871,-0.6654121181906122,-0.6840727302527372,-0.7027333423148622,-0.7213939543769872,-0.7400545664391123,-0.7590816716886871,-0.779254068149043,-0.7994264646093988,-0.8195988610697547,-0.8397712575301105,-0.8599436539904664,-0.8780362434212841,-0.8913452766841639,-0.9046543099470438,-0.9179633432099237,-0.9312723764728036,-0.9445814097356835,-0.9567936332788691,-0.9670864398125896,-0.9773792463463101,-0.9876720528800307,-0.9979648594137511,-1.0082576659474716,-1.017285784604312,-1.0245975411425294,-1.031909297680747,-1.0356722307285064,-1.0351765755877167,-1.0346809204469267,-0.8890243256686488,-0.5891342325255355
0.36,-0.327695139712085,-0.3458479978803644,-0.36400085604864374,-0.3821537142169231,-0.4003065723852025,-0.4184594305534819,-0.4365832837253343,-0.4542575594525684,-0.4719318351798025,-0.48960611090703654,-0.5072803866342707,-0.5249546623615048,-0.5421290792426398,-0.5556795194895565,-0.5692299597364733,-0.58278039998339,-0.5963308402303068,-0.6098812804772236,-0.6243776869477434,-0.6431309414244779,-0.6618841959012124,-0.6806374503779469,-0.6993907048546812,-0.7181439593314157,-0.7371915709141907,-0.7571590484533426,-0.7771265259924945,-0.7970940035316465,-0.8170614810707983,-0.8370289586099503,-0.8547076217916598,-0.8671220119512519,-0.8795364021108442,-0.8919507922704363,-0.9043651824300284,-0.9167795725896206,-0.9279617484806386,-0.936987549401652,-0.9460133503226654,-0.9550391512436788,-0.9640649521646921,-0.9730907530857055,-0.9820321539721169,-0.9908590119544255,-0.9996858699367341,-1.004231355639278,-1.003639194606104,-1.00304703357293,-0.8689038574851667,-0.5928627279018981
0.37,-0.32071824509644176,-0.33927479720530523,-0.3578313493141687,-0.3763879014230322,-0.39494445353189567,-0.41350100564075914,-0.43192205451932947,-0.44824280332835553,-0.46456355213738165,-0.4808843009464077,-0.4972050497554338,-0.5135257985644599,-0.529311316959327,-0.5412164148515413,-0.5531215127437555,-0.5650266106359699,-0.5769317085281842,-0.5888368064203985,-0.602003867767,-0.6208497646583439,-0.6396956615496877,-0.6585415584410315,-0.6773874553323753,-0.6962333522237192,-0.7153014701396944,-0.7350640287576423,-0.7548265873755903,-0.7745891459935383,-0.7943517046114863,-0.8141142632294343,-0.8313790001620356,-0.84289874721834,-0.8544184942746444,-0.8659382413309489,-0.8774579883872533,-0.8889777354435578,-0.8991298636824083,-0.9068886589907145,-0.9146474542990207,-0.9224062496073269,-0.930165044915633,-0.9379238402239392,-0.9467785233399214,-0.9571204827663213,-0.9674624421927212,-0.9727904805500494,-0.9721018136244916,-0.9714131466989337,-0.8487833893016848,-0.5965912232782606
0.38,-0.31374135048079843,-0.3324548130185323,-0.3511682755562662,-0.36988173809400005,-0.3885952006317339,-0.4073086631694678,-0.4258094569003574,-0.44101388412516007,-0.45621831134996277,-0.4714227385747654,-0.4866271657995681,-0.5018315930243709,-0.5164542640598551,-0.5268592027227803,-0.5372641413857057,-0.547669080048631,-0.5580740187115564,-0.5684789573744816,-0.5804108043456513,-0.5992137387039201,-0.618016673062189,-0.636819607420458,-0.6556225417787268,-0.6744254761369957,-0.693411369365198,-0.7129690090619419,-0.732526648758686,-0.7520842884554302,-0.7716419281521741,-0.7911995678489182,-0.8080503785324116,-0.8186754824854282,-0.8293005864384448,-0.8399256903914616,-0.8505507943444782,-0.8611758982974949,-0.8702979788841779,-0.8767897685797769,-0.8832815582753759,-0.889773347970975,-0.8962651376665739,-0.902756927362173,-0.9115248927077261,-0.9233819535782172,-0.9352390144487082,-0.9413496054608207,-0.9405644326428789,-0.9397792598249373,-0.8286629211182029,-0.6003197186546232
0.39,-0.30471053611446436,-0.32263585450058396,-0.3405611728867035,-0.3584864912728231,-0.3764118096589427,-0.39433712804506227,-0.41207996844538375,-0.4269944000658346,-0.44190883168628536,-0.45682326330673617,-0.471737694927187,-0.4866521265476378,-0.5011940729434328,-0.5130355014604734,-0.524876929977514,-0.5367183584945546,-0.5485597870115951,-0.5604012155286358,-0.5732273981608065,-0.5904849743110625,-0.6077425504613186,-0.6250001266115747,-0.6422577027618308,-0.6595152789120868,-0.6771244477477361,-0.6958323437252389,-0.7145402397027418,-0.7332481356802448,-0.7519560316577477,-0.7706639276352505,-0.7867900403970166,-0.7969780517625882,-0.8071660631281597,-0.8173540744937313,-0.8275420858593029,-0.8377300972248745,-0.8463442061280886,-0.8522039857221773,-0.858063765316266,-0.8639235449103548,-0.8697833245044435,-0.8756431040985322,-0.8834347104424594,-0.893848081661167,-0.9042614528798748,-0.9096714514295868,-0.909077402776504,-0.9084833541234211,-0.8090228146889491,-0.6045166287992483
0.4,-0.2952636090086068,-0.3124708430410931,-0.3296780770735794,-0.3468853111060657,-0.364092545138552,-0.3812997791710383,-0.3983504799904102,-0.4129749160065091,-0.427599352022608,-0.442223788038707,-0.4568482240548059,-0.4714726600709048,-0.48593388182701064,-0.4992118001981665,-0.5124897185693224,-0.5257676369404782,-0.5390455553116341,-0.55232347368279,-0.5660678421047033,-0.5819112357550249,-0.5977546294053466,-0.6135980230556682,-0.6294414167059899,-0.6452848103563116,-0.6615895457997293,-0.6793359743465722,-0.6970824028934153,-0.7148288314402583,-0.7325752599871013,-0.7503216885339443,-0.7657930250697186,-0.7760316499800349,-0.7862702748903513,-0.7965088998006676,-0.806747524710984,-0.8169861496213003,-0.8254205563452693,-0.8306975812431304,-0.8359746061409915,-0.8412516310388525,-0.8465286559367136,-0.8518056808345746,-0.858149119511253,-0.865939834030612,-0.873730548549971,-0.8778795329481855,-0.8776584412010267,-0.8774373494538679,-0.7896154382713659,-0.6087176564388094
0.41,-0.28581668190274934,-0.30230583158160235,-0.31879498126045536,-0.3352841309393083,-0.3517732806181613,-0.36826243029701433,-0.38462099153543666,-0.3989554319471837,-0.4132898723589308,-0.4276243127706778,-0.44195875318242483,-0.4562931935941719,-0.4706736907105885,-0.48538809893585966,-0.5001025071611308,-0.5148169153864018,-0.529531323611673,-0.5442457318369441,-0.5589082860486,-0.5733374971989872,-0.5877667083493745,-0.6021959194997617,-0.6166251306501489,-0.6310543418005362,-0.6460546438517224,-0.6628396049679055,-0.6796245660840886,-0.6964095272002718,-0.7131944883164549,-0.729979449432638,-0.7447960097424206,-0.7550852481974818,-0.7653744866525429,-0.7756637251076042,-0.7859529635626653,-0.7962422020177266,-0.8044969065624503,-0.8091911767640837,-0.8138854469657171,-0.8185797171673505,-0.8232739873689838,-0.8279682575706172,-0.8328635285800469,-0.8380315864000571,-0.8431996442200674,-0.8460876144667845,-0.8462394796255496,-0.8463913447843148,-0.7702080618537828,-0.6129186840783702
0.42,-0.27636975479689185,-0.29214082012211157,-0.3079118854473312,-0.32368295077255094,-0.3394540160977706,-0.3552250814229903,-0.37089150308046304,-0.38493594788785823,-0.39898039269525337,-0.41302483750264857,-0.4270692823100437,-0.4411137271174389,-0.4554134995941663,-0.47156439767355274,-0.48771529575293915,-0.5038661938323256,-0.520017091911712,-0.5361679899910983,-0.5517487299924968,-0.5647637586429496,-0.5777787872934024,-0.5907938159438553,-0.6038088445943081,-0.6168238732447608,-0.6305197419037155,-0.6463432355892388,-0.6621667292747621,-0.6779902229602853,-0.6938137166458086,-0.7096372103313318,-0.7237989944151225,-0.7341388464149285,-0.7444786984147346,-0.7548185504145405,-0.7651584024143465,-0.7754982544141525,-0.7835732567796311,-0.7876847722850369,-0.7917962877904425,-0.7959078032958482,-0.800019318801254,-0.8041308343066597,-0.8075779376488406,-0.810123338769502,-0.8126687398901635,-0.8142956959853831,-0.8148205180500723,-0.8153453401147616,-0.7508006854361996,-0.6171197117179313
0.43,-0.2669228276910343,-0.28197580866262073,-0.2970287896342071,-0.3120817706057935,-0.32713475157737987,-0.3421877325489663,-0.35716201462548947,-0.3709164638285327,-0.384670913031576,-0.39842536223461933,-0.4121798114376626,-0.4259342606407059,-0.4401533084777441,-0.45774069641124576,-0.47532808434474744,-0.4929154722782491,-0.5105028602117507,-0.5280902481452524,-0.5445891739363935,-0.5561900200869119,-0.5677908662374304,-0.5793917123879487,-0.5909925585384671,-0.6025934046889855,-0.6149848399557087,-0.6298468662105721,-0.6447088924654354,-0.6595709187202988,-0.6744329449751622,-0.6892949712300255,-0.7028019790878244,-0.7131924446323752,-0.7235829101769261,-0.7339733757214769,-0.7443638412660277,-0.7547543068105785,-0.762649606996812,-0.76617836780599,-0.769707128615168,-0.7732358894243461,-0.776764650233524,-0.780293411042702,-0.7822923467176341,-0.7822150911389469,-0.7821378355602597,-0.7825037775039818,-0.7834015564745951,-0.7842993354452084,-0.7313933090186164,-0.6213207393574923
0.44,-0.2574759005851768,-0.27185374934388384,-0.28623159810259097,-0.30060944686129804,-0.3149872956200051,-0.3293651443787122,-0.3436983024160088,-0.3573387542714427,-0.3709792061268765,-0.3846196579823104,-0.3982601098377443,-0.4119005616931781,-0.4261670105831195,-0.44497193797324,-0.4637768653633605,-0.48258179275348095,-0.5013867201436014,-0.5201916475337219,-0.5374296178802903,-0.5476162815308743,-0.5578029451814582,-0.5679896088320422,-0.5781762724826262,-0.5883629361332101,-0.5994499380077017,-0.6133504968319052,-0.6272510556561087,-0.6411516144803122,-0.6550521733045157,-0.6689527321287192,-0.6818049637605264,-0.6922460428498219,-0.7026871219391176,-0.7131282010284132,-0.7235692801177088,-0.7340103592070045,-0.7417259572139928,-0.7446719633269431,-0.7476179694398934,-0.7505639755528438,-0.7535099816657941,-0.7564559877787445,-0.7570067557864278,-0.7543068435083918,-0.7516069312303558,-0.7507118590225804,-0.7519825948991178,-0.7532533307756551,-0.7119859326010332,-0.6255217669970533
0.45,-0.25355364399710184,-0.2670263480205375,-0.28049905204397313,-0.2939717560674088,-0.3074444600908444,-0.32091716411428006,-0.33441952838474626,-0.3483816264841861,-0.36234372458362585,-0.37630582268306567,-0.3902679207825055,-0.4042300188819453,-0.4186491564042892,-0.43638182974268774,-0.4541145030810863,-0.47184717641948487,-0.4895798497578834,-0.5073125230962819,-0.5235875367198363,-0.5333030816265912,-0.5430186265333462,-0.5527341714401012,-0.5624497163468561,-0.5721652612536112,-0.5828961335190913,-0.5967999037805874,-0.6107036740420837,-0.62460744430358,-0.6385112145650762,-0.6524149848265723,-0.6649602215492708,-0.6743808311327345,-0.6838014407161982,-0.6932220502996619,-0.7026426598831256,-0.7120632694665893,-0.7190397312267932,-0.7217389342962928,-0.7244381373657923,-0.7271373404352918,-0.7298365435047913,-0.7325357465742908,-0.7322591713741915,-0.7279440399510652,-0.7236289085279388,-0.7221343548006423,-0.7240244943083415,-0.7259146338160407,-0.6951608163621648,-0.6297227946366143
0.46,-0.2504990694932336,-0.2629205394508936,-0.27534200940855363,-0.28776347936621366,-0.3001849493238737,-0.3126064192815337,-0.3251407543534837,-0.3394244986969295,-0.35370824304037524,-0.36799198738382094,-0.3822757317272667,-0.3965594760707124,-0.4110890707558,-0.4274010804177908,-0.4437130900797816,-0.4600250997417724,-0.4763371094037632,-0.49264911906575404,-0.5077299650058645,-0.5172705741975135,-0.5268111833891626,-0.5363517925808116,-0.5458924017724606,-0.5554330109641095,-0.5661815655244374,-0.5807049493618872,-0.5952283331993369,-0.6097517170367867,-0.6242751008742364,-0.6387984847116861,-0.6512057846646504,-0.6587460916832981,-0.6662863987019458,-0.6738267057205936,-0.6813670127392413,-0.6889073197578891,-0.6947708666523209,-0.6977000833293748,-0.7006293000064288,-0.7035585166834827,-0.7064877333605366,-0.7094169500375906,-0.7096279749850564,-0.7061500254423667,-0.7026720758996771,-0.7013589614919719,-0.702643649246248,-0.7039283370005243,-0.6812315075288269,-0.6330543160045321
0.47,-0.24744449498936535,-0.2588147308812498,-0.2701849667731342,-0.2815552026650186,-0.292925438556903,-0.3042956744487874,-0.31586198032222135,-0.330467370909673,-0.3450727614971247,-0.3596781520845763,-0.37428354267202796,-0.3888889332594796,-0.40352898510731083,-0.4184203310928939,-0.433311677078477,-0.4482030230640601,-0.4630943690496432,-0.47798571503522624,-0.491872393291893,-0.501238066768436,-0.5106037402449789,-0.519969413721522,-0.5293350871980649,-0.5387007606746079,-0.5494669975297837,-0.5646099949431869,-0.5797529923565901,-0.5948959897699934,-0.6100389871833966,-0.6251819845967999,-0.6374513477800299,-0.6431113522338617,-0.6487713566876935,-0.6544313611415253,-0.6600913655953572,-0.665751370049189,-0.6705020020778486,-0.673661232362457,-0.6768204626470653,-0.6799796929316737,-0.683138923216282,-0.6862981535008904,-0.6869967785959212,-0.6843560109336684,-0.6817152432714154,-0.6805835681833016,-0.6812628041841547,-0.6819420401850079,-0.6672801649603826,-0.6363183590586861
0.48,-0.2443899204854971,-0.25470892231160586,-0.26502792413771464,-0.27534692596382343,-0.2856659277899322,-0.29598492961604106,-0.3065832062909588,-0.32151024312241644,-0.336437279953874,-0.3513643167853316,-0.36629135361678916,-0.3812183904482468,-0.39596889945882163,-0.409439581767997,-0.42291026407717236,-0.43638094638634767,-0.449851628695523,-0.46332231100469834,-0.47601482157792124,-0.4852055593393582,-0.49439629710079525,-0.5035870348622322,-0.5127777726236692,-0.5219685103851063,-0.5327524295351298,-0.5485150405244865,-0.5642776515138432,-0.5800402625032001,-0.5958028734925568,-0.6115654844819135,-0.6236969108954094,-0.6274766127844252,-0.6312563146734411,-0.635036016562457,-0.6388157184514729,-0.6425954203404887,-0.6462331375033762,-0.649622381395539,-0.6530116252877017,-0.6564008691798646,-0.6597901130720274,-0.6631793569641902,-0.6643655822067861,-0.6625619964249699,-0.6607584106431537,-0.6598081748746313,-0.6598819591220614,-0.6599557433694915,-0.6533288223919382,-0.63958240211284
0.49,-0.24133534598162884,-0.25060311374196204,-0.2598708815022952,-0.26913864926262837,-0.27840641702296154,-0.2876741847832947,-0.2973044322596964,-0.3125531153351599,-0.3278017984106234,-0.34305048148608686,-0.3582991645615504,-0.3735478476370139,-0.38840881381033243,-0.40045883244310004,-0.41250885107586766,-0.4245588697086352,-0.4366088883414028,-0.4486589069741704,-0.4601572498639495,-0.4691730519102805,-0.47818885395661154,-0.48720465600294255,-0.49622045804927356,-0.5052362600956046,-0.516037861540476,-0.5324200861057862,-0.5488023106710964,-0.5651845352364068,-0.581566759801717,-0.5979489843670273,-0.6099424740107889,-0.6118418733349889,-0.6137412726591888,-0.6156406719833887,-0.6175400713075886,-0.6194394706317885,-0.6219642729289039,-0.625583530428621,-0.6292027879283383,-0.6328220454280554,-0.6364413029277727,-0.6400605604274898,-0.6417343858176509,-0.6407679819162714,-0.6398015780148919,-0.6390327815659609,-0.638501114059968,-0.637969446553975,-0.6393774798234939,-0.642846445166994
0.5,-0.23828077147776058,-0.24649730517231813,-0.25471383886687565,-0.2629303725614332,-0.27114690625599075,-0.2793634399505483,-0.28802565822843385,-0.3035959875479033,-0.31916631686737273,-0.3347366461868422,-0.3503069755063116,-0.36587730482578107,-0.38084872816184323,-0.3914780831182031,-0.40210743807456295,-0.4127367930309228,-0.4233661479872826,-0.4339955029436424,-0.4442996781499778,-0.45314054448120283,-0.46198141081242783,-0.4708222771436529,-0.4796631434748779,-0.4885040098061029,-0.49932329354582217,-0.5163251316870859,-0.5333269698283497,-0.5503288079696135,-0.5673306461108772,-0.584332484252141,-0.5961880371261684,-0.5962071338855524,-0.5962262306449364,-0.5962453274043203,-0.5962644241637043,-0.5962835209230882,-0.5976954083544314,-0.601544679461703,-0.6053939505689747,-0.6092432216762463,-0.613092492783518,-0.6169417638907896,-0.6191031894285157,-0.6189739674075729,-0.6188447453866301,-0.6182573882572905,-0.6171202689978745,-0.6159831497384586,-0.6254261372550495,-0.6461104882211479
0.51,-0.23296327613818885,-0.2406570769349715,-0.24835087773175413,-0.25604467852853674,-0.2637384793253194,-0.2714322801221021,-0.2796192566049838,-0.29545045622240196,-0.3112816558398201,-0.3271128554572382,-0.34294405507465636,-0.3587752546920745,-0.37382236969710037,-0.383184871262282,-0.3925473728274637,-0.40190987439264536,-0.411272375957827,-0.42063487752300865,-0.429826996455682,-0.43825239354206785,-0.4466777906284537,-0.45510318771483954,-0.4635285848012254,-0.4719539818876113,-0.48237159100185495,-0.4990148627031546,-0.5156581344044542,-0.5323014061057539,-0.5489446778070536,-0.5655879495083531,-0.5769202219700122,-0.5760371961804979,-0.5751541703909835,-0.5742711446014691,-0.5733881188119547,-0.5725050930224403,-0.5729285369312692,-0.5756383028121986,-0.5783480686931282,-0.5810578345740576,-0.583767600454987,-0.5864773663359164,-0.589499897157725,-0.5929468946850122,-0.5963938922122993,-0.5974819949486201,-0.5957394239357812,-0.5939968529229421,-0.611474794686605,-0.6493745312753018
0.52,-0.22378063234404172,-0.2319105006051461,-0.24004036886625046,-0.24817023712735484,-0.2563001053884592,-0.2644299736495636,-0.27303181684758593,-0.28894927156783695,-0.304866726288088,-0.320784181008339,-0.33670163572859,-0.352619090448841,-0.3676293643559747,-0.376062577368008,-0.3844957903800413,-0.3929290033920746,-0.40136221640410785,-0.4097954294161411,-0.4183041981866543,-0.42715296787032714,-0.43600173755399996,-0.4448505072376728,-0.4536992769213456,-0.4625480466050184,-0.472837883337406,-0.48763105459702716,-0.5024242258566483,-0.5172173971162695,-0.5320105683758907,-0.5468037396355118,-0.5569353261244299,-0.5563452676407306,-0.5557552091570314,-0.5551651506733322,-0.5545750921896329,-0.5539850337059337,-0.5540681890016972,-0.5553294684115205,-0.5565907478213439,-0.5578520272311672,-0.5591133066409906,-0.5603745860508139,-0.5636051324664747,-0.5695082555329148,-0.5754113785993549,-0.5778772310565472,-0.5762183587826422,-0.5745594865087371,-0.6006766403027157,-0.6563058217938216
0.53,-0.2145979885498946,-0.2231639242753207,-0.2317298600007468,-0.24029579572617288,-0.24886173145159898,-0.2574276671770251,-0.26644437709018803,-0.28244808691327195,-0.2984517967363558,-0.31445550655943966,-0.33045921638252357,-0.3464629262056075,-0.36143635901484905,-0.368940283473734,-0.37644420793261885,-0.38394813239150377,-0.39145205685038864,-0.3989559813092735,-0.40680673296650327,-0.41621820701628476,-0.4256296810660662,-0.4350411551158477,-0.44445262916562916,-0.4538641032154106,-0.4640979445377592,-0.47690168358688023,-0.48970542263600125,-0.5025091616851223,-0.5153129007342433,-0.5281166397833643,-0.5369695116004761,-0.5367353887839665,-0.5365012659674568,-0.5362671431509473,-0.5360330203344377,-0.5357988975179281,-0.5362005313280954,-0.5377147392349475,-0.5392289471417995,-0.5407431550486516,-0.5422573629555036,-0.5437715708623556,-0.5467598623067882,-0.55174869569508,-0.5567375290833718,-0.558709034398081,-0.5570597460244907,-0.5554104576509005,-0.5902768675705226,-0.6639412069266839
0.54,-0.20541534475574746,-0.2144173479454953,-0.22341935113524314,-0.23242135432499095,-0.2414233575147388,-0.2504253607044866,-0.25985693733279014,-0.27594690225870694,-0.2920368671846237,-0.3081268321105404,-0.32421679703645717,-0.3403067619623739,-0.3552433536737234,-0.3618179895794599,-0.3683926254851964,-0.37496726139093295,-0.38154189729666943,-0.38811653320240597,-0.3953092677463522,-0.4052834461622423,-0.4152576245781325,-0.4252318029940226,-0.4352059814099127,-0.4451801598258028,-0.45535800573811247,-0.4661723125767333,-0.4769866194153542,-0.4878009262539751,-0.4986152330925959,-0.5094295399312168,-0.5170036970765223,-0.5171255099272023,-0.5172473227778823,-0.5173691356285623,-0.5174909484792424,-0.5176127613299224,-0.5183328736544937,-0.5201000100583744,-0.5218671464622552,-0.5236342828661359,-0.5254014192700167,-0.5271685556738974,-0.5299145921471018,-0.5339891358572453,-0.5380636795673888,-0.5395408377396146,-0.5379011332663393,-0.5362614287930639,-0.5798770948383295,-0.6715765920595463
0.55,-0.19623270096160034,-0.2056707716156699,-0.21510884226973948,-0.22454691292380904,-0.2339849835778786,-0.24342305423194818,-0.2532694975753923,-0.26944571760414193,-0.2856219376328915,-0.30179815766164114,-0.3179743776903908,-0.3341505977191404,-0.34905034833259774,-0.35469569568518583,-0.360341043037774,-0.3659863903903621,-0.3716317377429503,-0.37727708509553837,-0.3838118025262012,-0.39434868530819994,-0.4048855680901987,-0.4154224508721975,-0.42595933365419625,-0.436496216436195,-0.4466180669384658,-0.4554429415665865,-0.46426781619470714,-0.4730926908228279,-0.4819175654509486,-0.4907424400790693,-0.4970378825525685,-0.49751563107043817,-0.4979933795883078,-0.49847112810617744,-0.49894887662404713,-0.49942662514191677,-0.5004652159808918,-0.5024852808818012,-0.5045053457827108,-0.5065254106836202,-0.5085454755845297,-0.5105655404854391,-0.5130693219874153,-0.5162295760194104,-0.5193898300514057,-0.5203726410811483,-0.5187425205081878,-0.5171123999352272,-0.5694773221061364,-0.6792119771924088
0.56,-0.1870500571674532,-0.1969241952858445,-0.2067983334042358,-0.21667247152262709,-0.2265466096410184,-0.2364207477594097,-0.24668205781799438,-0.26294453294957687,-0.2792070080811594,-0.29546948321274186,-0.3117319583443244,-0.32799443347590684,-0.342857342991472,-0.3475734017909118,-0.35228946059035154,-0.3570055193897913,-0.36172157818923106,-0.3664376369886708,-0.3723143373060501,-0.38341392445415756,-0.39451351160226494,-0.4056130987503724,-0.41671268589847976,-0.4278122730465872,-0.437878128138819,-0.44471357055643956,-0.45154901297406014,-0.4583844553916807,-0.4652198978093013,-0.47205534022692186,-0.47707206802861474,-0.47790575221367404,-0.4787394363987333,-0.4795731205837926,-0.48040680476885184,-0.48124048895391114,-0.48259755830729,-0.48487055170522814,-0.4871435451031663,-0.48941653850110445,-0.49168953189904263,-0.49396252529698076,-0.4962240518277287,-0.4984700161815756,-0.5007159805354225,-0.501204444422682,-0.49958390775003625,-0.4979633710773906,-0.5590775493739433,-0.6868473623252711
0.57,-0.1778674133733062,-0.18817339401872318,-0.19847937466414017,-0.20878535530955716,-0.21909133595497415,-0.22939731660039114,-0.24006978055043202,-0.2564227357221434,-0.2727756908938548,-0.2891286460655662,-0.3054816012372776,-0.32183455640898895,-0.3366643376503464,-0.3404511078966378,-0.3442378781429292,-0.3480246483892206,-0.35181141863551196,-0.35559818888180333,-0.3608168720858992,-0.37247916360011524,-0.3841414551143313,-0.39580374662854734,-0.4074660381427634,-0.41912832965697944,-0.4291381893391723,-0.43398419954629275,-0.4388302097534132,-0.4436762199605337,-0.44852223016765413,-0.4533682403747746,-0.4571062535046612,-0.45829587335691013,-0.45948549320915905,-0.46067511306140796,-0.4618647329136569,-0.46305435276590573,-0.46472990063368846,-0.4672558225286553,-0.46978174442362214,-0.472307666318589,-0.4748335882135558,-0.4773595101085227,-0.4793787816680424,-0.48071045634374104,-0.4820421310194397,-0.4820362477642159,-0.480425294991885,-0.47881434221955416,-0.5486777766417503,-0.6944827474581334
0.58,-0.1728088155146933,-0.1824602543062674,-0.19211169309784148,-0.20176313188941558,-0.21141457068098968,-0.22106600947256375,-0.23109758580639772,-0.24702129404526008,-0.26294500228412243,-0.27886871052298473,-0.2947924187618471,-0.31071612700070944,-0.32513720635609894,-0.3286642263063101,-0.3321912462565213,-0.3357182662067325,-0.3392452861569437,-0.3427723061071549,-0.3478244543840829,-0.35973968013123636,-0.3716549058783899,-0.3835701316255434,-0.39548535737269686,-0.40740058311985033,-0.41738658241906773,-0.42134374906848465,-0.4253009157179015,-0.4292580823673185,-0.4332152490167354,-0.4371724156661523,-0.4403264809277364,-0.4416334129973051,-0.4429403450668737,-0.4442472771364423,-0.44555420920601096,-0.4468611412755796,-0.4485419689113045,-0.45087711378780276,-0.45321225866430104,-0.4555474035407993,-0.4578825484172976,-0.46021769329379586,-0.4618504024035021,-0.462529805829705,-0.46320920925590786,-0.4630500822484336,-0.46188471872054676,-0.46071935519265994,-0.5378085713407068,-0.6980432783944356
0.59,-0.16882612444824843,-0.1776418738138289,-0.18645762317940934,-0.1952733725449898,-0.20408912191057027,-0.2129048712761507,-0.22211393513954197,-0.23741937371900085,-0.25272481229845967,-0.26803025087791854,-0.2833356894573774,-0.2986411280368363,-0.3124954798570031,-0.31582945267230267,-0.3191634254876022,-0.32249739830290175,-0.3258313711182013,-0.32916534393350083,-0.33405823765909454,-0.345966275481012,-0.3578743133029294,-0.36978235112484686,-0.38169038894676427,-0.39359842676868173,-0.40354676789412264,-0.40737105684307445,-0.41119534579202627,-0.41501963474097814,-0.41884392368992995,-0.42266821263888177,-0.42576108336807916,-0.42717169219184126,-0.42858230101560335,-0.42999290983936544,-0.43140351866312754,-0.43281412748688963,-0.43405098715028495,-0.43498378578303853,-0.43591658441579206,-0.43684938304854565,-0.4377821816812992,-0.43871498031405276,-0.43995535504833044,-0.4416131544918194,-0.44327095393530835,-0.44401817132885185,-0.4436726902624607,-0.44332720919606955,-0.5256190261682152,-0.6957129723063086
0.6,-0.16484343338180357,-0.1728234933213904,-0.18080355326097722,-0.18878361320056405,-0.19676367314015086,-0.2047437330797377,-0.21313028447268625,-0.22781745339274165,-0.242504622312797,-0.2571917912328524,-0.2718789601529078,-0.28656612907296314,-0.2998537533579073,-0.30299467903829524,-0.3061356047186831,-0.30927653039907105,-0.3124174560794589,-0.31555838175984685,-0.32029202093410625,-0.3321928708307877,-0.344093720727469,-0.3559945706241504,-0.36789542052083174,-0.3797962704175131,-0.3897069533691776,-0.39339836461766436,-0.3970897758661511,-0.40078118711463784,-0.4044725983631246,-0.4081640096116113,-0.4111956858084219,-0.4127099713863775,-0.414224256964333,-0.4157385425422886,-0.4172528281202441,-0.4187671136981997,-0.4195600053892655,-0.41909045777827436,-0.4186209101672832,-0.41815136255629204,-0.4176818149453009,-0.4172122673343097,-0.4180603076931588,-0.4206965031539338,-0.42333269861470885,-0.42498626040927007,-0.42546066180437464,-0.4259350631994792,-0.5134294809957236,-0.6933826662181817
0.61,-0.1608607423153587,-0.1680051128289519,-0.1751494833425451,-0.18229385385613828,-0.18943822436973148,-0.19658259488332466,-0.2041466338058305,-0.2182155330664824,-0.23228443232713428,-0.24635333158778616,-0.2604222308484381,-0.27449113010908993,-0.2872120268588115,-0.2901599054042877,-0.293107783949764,-0.29605566249524023,-0.2990035410407165,-0.30195141958619276,-0.30652580420911796,-0.31841946618056327,-0.3303131281520086,-0.3422067901234539,-0.35410045209489915,-0.36599411406634447,-0.37586713884423256,-0.3794256723922542,-0.3829842059402758,-0.38654273948829754,-0.39010127303631914,-0.3936598065843408,-0.3966302882487647,-0.3982482505809137,-0.3998662129130627,-0.4014841752452117,-0.4031021375773607,-0.4047200999095097,-0.405069023628246,-0.40319712977351013,-0.4013252359187742,-0.3994533420640384,-0.3975814482093025,-0.3957095543545666,-0.39616526033798705,-0.3997798518160482,-0.40339444329410934,-0.4059543494896883,-0.4072486333462886,-0.4085429172028889,-0.501239935823232,-0.6910523601300547
0.62,-0.15687805124891385,-0.1631867323365134,-0.16949541342411295,-0.17580409451171253,-0.18211277559931208,-0.18842145668691163,-0.19516298313897473,-0.20861361274022316,-0.22206424234147157,-0.23551487194271997,-0.2489655015439684,-0.26241613114521684,-0.2745703003597157,-0.2773251317702803,-0.28007996318084494,-0.28283479459140953,-0.2855896260019742,-0.2883444574125388,-0.29275958748412967,-0.30464606153033896,-0.31653253557654815,-0.3284190096227574,-0.3403054836689666,-0.35219195771517586,-0.36202732431928747,-0.365452980166844,-0.36887863601440063,-0.3723042918619572,-0.3757299477095138,-0.37915560355707034,-0.3820648906891075,-0.3837865297754499,-0.3855081688617924,-0.38722980794813483,-0.38895144703447726,-0.39067308612081975,-0.39057804186722656,-0.38730380176874596,-0.38402956167026536,-0.38075532157178477,-0.37748108147330417,-0.3742068413748236,-0.3742702129828154,-0.3788632004781626,-0.38345618797350983,-0.3869224385701065,-0.38903660488820246,-0.39115077120629843,-0.4890503906507404,-0.6887220540419278
0.63,-0.15289536018246896,-0.15836835184407488,-0.1638413435056808,-0.16931433516728672,-0.17478732682889267,-0.1802603184904986,-0.18617933247211899,-0.1990116924139639,-0.21184405235580883,-0.22467641229765375,-0.23750877223949868,-0.2503411321813436,-0.2619285738606198,-0.2644903581362728,-0.26705214241192576,-0.2696139266875788,-0.27217571096323173,-0.27473749523888474,-0.2789933707591414,-0.29087265688011454,-0.3027519430010877,-0.31463122912206093,-0.3265105152430341,-0.33838980136400726,-0.3481875097943425,-0.35148028794143393,-0.35477306608852544,-0.35806584423561694,-0.3613586223827084,-0.3646514005297999,-0.36749949312945024,-0.36932480896998615,-0.37115012481052206,-0.372975440651058,-0.37480075649159383,-0.37662607233212975,-0.37608706010620707,-0.37141047376398173,-0.36673388742175644,-0.3620573010795311,-0.3573807147373058,-0.35270412839508053,-0.3523751656276437,-0.357946549140277,-0.3635179326529103,-0.3678905276505247,-0.3708245764301164,-0.3737586252097081,-0.47686084547824875,-0.6863917479538008
0.64,-0.14967171424135828,-0.1549148494854629,-0.16015798472956752,-0.16540111997367213,-0.17064425521777676,-0.1758873904618814,-0.18151768290105705,-0.19314891186383407,-0.20478014082661106,-0.21641136978938802,-0.22804259875216504,-0.23967382771494203,-0.2502234122961954,-0.2529310751114021,-0.25563873792660885,-0.25834640074181564,-0.2610540635570224,-0.2637617263722291,-0.26805744900718964,-0.2794994408310422,-0.29094143265489475,-0.3023834244787473,-0.3138254163025998,-0.32526740812645233,-0.3347118821339161,-0.337914112965165,-0.34111634379641387,-0.34431857462766274,-0.3475208054589116,-0.3507230362901605,-0.35351585550594605,-0.35536702800616615,-0.3572182005063862,-0.3590693730066063,-0.36092054550682634,-0.36277171800704644,-0.3617597832876624,-0.35573741093397104,-0.3497150385802797,-0.3436926662265884,-0.33767029387289704,-0.33164792151920575,-0.33111963255699245,-0.3380475996260707,-0.344975566695149,-0.3502276692401451,-0.35346873435624254,-0.35670979947234,-0.46406415577232685,-0.6820388839551994
0.65,-0.1466556810537812,-0.15182777773853515,-0.1569998744232891,-0.16217197110804304,-0.16734406779279698,-0.17251616447755092,-0.1780057121690685,-0.18841575046542214,-0.19882578876177578,-0.20923582705812943,-0.21964586535448308,-0.23005590365083672,-0.23964846391139286,-0.24331430841241694,-0.24698015291344108,-0.2506459974144652,-0.2543118419154893,-0.25797768641651336,-0.2628267879194669,-0.2730005459311029,-0.28317430394273885,-0.2933480619543748,-0.3035218199660108,-0.31369557797764674,-0.32220564218065295,-0.325516663231691,-0.32882768428272907,-0.33213870533376716,-0.33544972638480525,-0.3387607474358433,-0.34155461751018407,-0.3431590403381211,-0.3447634631660581,-0.34636788599399515,-0.34797230882193214,-0.3495767316498692,-0.34848799687079,-0.3426862362794324,-0.33688447568807484,-0.3310827150967173,-0.32528095450535965,-0.3194791939140021,-0.31873789521242185,-0.3248643662183965,-0.33099083722437117,-0.3354555919156742,-0.33792628702937116,-0.3403969821430682,-0.4499848803307268,-0.6733848067844729
0.66,-0.14363964786620415,-0.1487407059916074,-0.15384176411701067,-0.15894282224241393,-0.1640438803678172,-0.16914493849322046,-0.17449374143707988,-0.18368258906701018,-0.19287143669694048,-0.2020602843268708,-0.2112491319568011,-0.2204379795867314,-0.2290735155265903,-0.23369754171343177,-0.23832156790027323,-0.2429455940871147,-0.24756962027395613,-0.2521936464607976,-0.2575961268317441,-0.2665016510311635,-0.27540717523058295,-0.28431269943000237,-0.29321822362942174,-0.30212374782884116,-0.30969940222738973,-0.31311921349821703,-0.31653902476904433,-0.31995883603987163,-0.3233786473106989,-0.3267984585815262,-0.32959337951442214,-0.33095105267007613,-0.33230872582573007,-0.333666398981384,-0.335024072137038,-0.33638174529269194,-0.33521621045391764,-0.3296350616248938,-0.3240539127958699,-0.3184727639668461,-0.31289161513782227,-0.30731046630879844,-0.3063561578678512,-0.31168113281072224,-0.3170061077535933,-0.32068351459120326,-0.32238383970249984,-0.32408416481379637,-0.4359056048891268,-0.6647307296137465
0.67,-0.14062361467862708,-0.14565363424467967,-0.15068365381073223,-0.15571367337678482,-0.16074369294283739,-0.16577371250888998,-0.1709817707050913,-0.17894942766859825,-0.1869170846321052,-0.19488474159561214,-0.20285239855911913,-0.21082005552262606,-0.2184985671417878,-0.22408077501444662,-0.22966298288710543,-0.23524519075976424,-0.24082739863242303,-0.24640960650508184,-0.2523654657440214,-0.2600027561312242,-0.26764004651842704,-0.27527733690562983,-0.2829146272928327,-0.2905519176800355,-0.2971931622741265,-0.30072176376474297,-0.3042503652553595,-0.307778966745976,-0.3113075682365925,-0.314836169727209,-0.3176321415186602,-0.3187430650020311,-0.319853988485402,-0.32096491196877286,-0.32207583545214374,-0.32318675893551463,-0.3219444240370452,-0.3165838869703551,-0.311223349903665,-0.3058628128369749,-0.3005022757702848,-0.2951417387035948,-0.2939744205232806,-0.29849789940304805,-0.3030213782828155,-0.3059114372667323,-0.30684139237562846,-0.30777134748452456,-0.42182632944752674,-0.65607665244302
0.68,-0.13760758149105,-0.1425665624977519,-0.14752554350445382,-0.1524845245111557,-0.1574435055178576,-0.16240248652455952,-0.1674697999731027,-0.17421626627018633,-0.18096273256726994,-0.18770919886435355,-0.19445566516143717,-0.20120213145852078,-0.20792361875698528,-0.21446400831546145,-0.2210043978739376,-0.22754478743241377,-0.23408517699088993,-0.2406255665493661,-0.2471348046562986,-0.2535038612312849,-0.25987291780627114,-0.2662419743812574,-0.2726110309562436,-0.2789800875312299,-0.2846869223208633,-0.288324314031269,-0.2919617057416747,-0.2955990974520804,-0.29923648916248613,-0.30287388087289185,-0.3056709035228982,-0.30653507733398605,-0.3073992511450739,-0.3082634249561617,-0.30912759876724955,-0.3099917725783374,-0.30867263762017283,-0.30353271231581647,-0.2983927870114601,-0.29325286170710374,-0.28811293640274743,-0.28297301109839107,-0.28159268317870995,-0.2853146659953738,-0.28903664881203767,-0.2911393599422614,-0.29129894504875714,-0.2914585301552528,-0.40774705400592676,-0.6474225752722936
0.69,-0.13459154830347297,-0.1394794907508242,-0.1443674331981754,-0.14925537564552663,-0.15414331809287785,-0.15903126054022904,-0.16395782924111416,-0.16948310487177443,-0.1750083805024347,-0.18053365613309497,-0.18605893176375526,-0.19158420739441553,-0.19734867037218287,-0.20484724161647636,-0.2123458128607699,-0.21984438410506338,-0.2273429553493569,-0.23484152659365037,-0.24190414356857592,-0.2470049663313456,-0.2521057890941153,-0.257206611856885,-0.2623074346196547,-0.2674082573824244,-0.2721806823676002,-0.2759268642977951,-0.27967304622799005,-0.283419228158185,-0.2871654100883799,-0.29091159201857486,-0.2937096655271364,-0.2943270896659412,-0.29494451380474596,-0.29556193794355073,-0.29617936208235557,-0.29679678622116035,-0.2954008512033006,-0.290481537661278,-0.28556222411925536,-0.2806429105772328,-0.27572359703521016,-0.2708042834931875,-0.26921094583413946,-0.2721314325876997,-0.27505191934125994,-0.27636728261779064,-0.27575649772188593,-0.2751457128259812,-0.39366777856432694,-0.6387684981015673
0.7,-0.1307752901093639,-0.13566707429179273,-0.14055885847422156,-0.14545064265665042,-0.15034242683907925,-0.15523421102150808,-0.16009400443112987,-0.16445794086224236,-0.16882187729335485,-0.17318581372446734,-0.17754975015557983,-0.18191368658669232,-0.18677372198738035,-0.1952304749174912,-0.20368722784760207,-0.21214398077771293,-0.2206007337078238,-0.22905748663793463,-0.23667348248085318,-0.24050607143140632,-0.24433866038195942,-0.24817124933251256,-0.25200383828306566,-0.25583642723361877,-0.259674442414337,-0.26352941456432116,-0.26738438671430526,-0.2712393588642894,-0.27509433101427355,-0.2789493031642577,-0.2817484275313744,-0.28211910199789614,-0.28248977646441786,-0.2828604509309396,-0.2832311253974613,-0.28360179986398304,-0.2821290647864282,-0.27743036300673934,-0.27273166122705045,-0.26803295944736155,-0.2633342576676727,-0.2586355558879838,-0.2568292084895688,-0.2589481991800255,-0.2610671898704821,-0.26159520529331975,-0.26021405039501455,-0.2588328954967094,-0.380417242601118,-0.6326524355834137
0.71,-0.12393130429997215,-0.1289260140003148,-0.1339207237006575,-0.13891543340100015,-0.14391014310134284,-0.1489048528016855,-0.15384179910975096,-0.15788341283751972,-0.16192502656528848,-0.16596664029305724,-0.170008254020826,-0.17404986774859477,-0.1785844537073246,-0.18669308834052203,-0.1948017229737195,-0.20291035760691697,-0.21101899224011442,-0.21912762687331186,-0.22632262113365445,-0.22940623371615013,-0.23248984629864577,-0.23557345888114145,-0.2386570714636371,-0.24174068404613278,-0.24505601981035388,-0.24909549051746704,-0.25313496122458023,-0.2571744319316934,-0.2612139026388066,-0.26525337334591975,-0.26803519058273084,-0.2679244048378472,-0.26781361909296353,-0.2677028333480798,-0.26759204760319616,-0.2674812618583125,-0.2658194754656729,-0.26144343793946057,-0.25706740041324816,-0.2526913628870358,-0.24831532536082343,-0.24393928783461105,-0.24245264707278488,-0.24488733049119707,-0.24732201390960928,-0.24831871913336942,-0.24758985052354704,-0.24686098191372466,-0.37430683078293997,-0.6379383169736367
0.72,-0.1170873184905804,-0.1221849537088369,-0.1272825889270934,-0.13238022414534992,-0.1374778593636064,-0.14257549458186292,-0.1475925105729359,-0.15135992854266453,-0.15512734651239315,-0.15889476448212178,-0.1626621824518504,-0.16642960042157903,-0.1706070202660225,-0.17775695370214895,-0.18490688713827536,-0.1920568205744018,-0.1992067540105282,-0.2063566874466546,-0.21271594520176584,-0.21551716239230867,-0.21831837958285147,-0.22111959677339427,-0.2239208139639371,-0.22672203115447992,-0.2297813984307879,-0.23364748472511207,-0.23751357101943624,-0.24137965731376043,-0.2452457436080846,-0.24911182990240877,-0.25169720107269644,-0.25133692745770014,-0.25097665384270385,-0.2506163802277076,-0.2502561066127113,-0.24989583299771503,-0.24817928420325217,-0.24408925384472274,-0.2399992234861933,-0.23590919312766384,-0.23181916276913442,-0.227729132410605,-0.22676808819340807,-0.2300535251680196,-0.23333896214263114,-0.23515288008201687,-0.23520097517913166,-0.23524907027624642,-0.3684821246854852,-0.6432241983638597
0.73,-0.11024333268118866,-0.11544389341735899,-0.12064445415352931,-0.12584501488969965,-0.13104557562586996,-0.1362461363620403,-0.14134322203612082,-0.1448364442478093,-0.1483296664594978,-0.1518228886711863,-0.15531611088287478,-0.1588093330945633,-0.16262958682472048,-0.16882081906377586,-0.17501205130283123,-0.1812032835418866,-0.187394515780942,-0.19358574801999737,-0.1991092692698772,-0.20162809106846719,-0.20414691286705716,-0.2066657346656471,-0.2091845564642371,-0.21170337826282704,-0.2145067770512219,-0.21819947893275704,-0.2218921808142922,-0.22558488269582738,-0.22927758457736253,-0.23297028645889767,-0.2353592115626619,-0.23474945007755305,-0.2341396885924442,-0.2335299271073353,-0.23292016562222645,-0.23231040413711757,-0.23053909294083139,-0.2267350697499849,-0.22293104655913837,-0.21912702336829187,-0.21532300017744538,-0.21151897698659888,-0.21108352931403127,-0.21521971984484212,-0.21935591037565297,-0.22198704103066433,-0.22281209983471625,-0.22363715863876818,-0.36265741858803036,-0.6485100797540827
0.74,-0.10339934687179692,-0.10870283312588108,-0.11400631937996523,-0.1193098056340494,-0.12461329188813355,-0.12991677814221772,-0.13509393349930576,-0.13831295995295412,-0.14153198640660247,-0.14475101286025083,-0.14797003931389918,-0.15118906576754754,-0.15465215338341842,-0.15988468442540277,-0.1651172154673871,-0.17034974650937143,-0.17558227755135578,-0.18081480859334012,-0.1855025933379886,-0.1877390197446257,-0.18997544615126283,-0.19221187255789995,-0.19444829896453705,-0.19668472537117418,-0.1992321556716559,-0.20275147314040204,-0.20627079060914819,-0.20979010807789433,-0.21330942554664048,-0.21682874301538663,-0.21902122205262745,-0.21816197269740598,-0.2173027233421845,-0.21644347398696304,-0.21558422463174157,-0.21472497527652012,-0.2128989016784106,-0.20938088565524707,-0.20586286963208347,-0.2023448536089199,-0.19882683758575634,-0.19530882156259277,-0.19539897043465443,-0.20038591452166463,-0.20537285860867482,-0.20882120197931178,-0.21042322449030085,-0.21202524700128994,-0.3568327124905757,-0.6537959611443058
0.75,-0.09655536106240517,-0.10196177283440316,-0.10736818460640116,-0.11277459637839915,-0.11818100815039714,-0.12358741992239514,-0.1288446449624907,-0.13178947565809893,-0.13473430635370715,-0.13767913704931534,-0.14062396774492356,-0.14356879844053178,-0.14667471994211637,-0.15094854978702965,-0.15522237963194296,-0.15949620947685625,-0.16377003932176953,-0.16804386916668285,-0.17189591740609994,-0.17384994842078422,-0.1758039794354685,-0.17775801045015277,-0.17971204146483702,-0.1816660724795213,-0.18395753429208989,-0.18730346734804704,-0.19064940040400416,-0.19399533345996134,-0.19734126651591846,-0.20068719957187559,-0.202683232542593,-0.2015744953172589,-0.20046575809192485,-0.1993570208665908,-0.1982482836412567,-0.19713954641592266,-0.19525871041598986,-0.19202670156050922,-0.18879469270502858,-0.18556268384954797,-0.18233067499406733,-0.17909866613858672,-0.17971441155527765,-0.18555210919848716,-0.19138980684169668,-0.19565536292795924,-0.19803434914588547,-0.2004133353638117,-0.35100800639312085,-0.6590818425345288
0.76,-0.08971137525301343,-0.09522071254292525,-0.10073004983283708,-0.1062393871227489,-0.11174872441266072,-0.11725806170257255,-0.12259535642567566,-0.12526599136324373,-0.12793662630081182,-0.1306072612383799,-0.13327789617594796,-0.13594853111351604,-0.1386972865008143,-0.14201241514865656,-0.14532754379649884,-0.1486426724443411,-0.15195780109218332,-0.1552729297400256,-0.15828924147421133,-0.15996087709694276,-0.16163251271967416,-0.1633041483424056,-0.164975783965137,-0.16664741958786844,-0.1686829129125239,-0.17185546155569204,-0.17502801019886016,-0.1782005588420283,-0.18137310748519642,-0.18454565612836454,-0.1863452430325585,-0.18498701793711184,-0.1836287928416652,-0.18227056774621853,-0.18091234265077188,-0.17955411755532522,-0.1776185191535691,-0.17467251746577142,-0.1717265157779737,-0.168780514090176,-0.16583451240237831,-0.1628885107145806,-0.1640298526759008,-0.17071830387530965,-0.17740675507471848,-0.1824895238766067,-0.18564547380147006,-0.18880142372633343,-0.3451833002956661,-0.6643677239247519
0.77,-0.08314679571067643,-0.0882175475903272,-0.09328829946997796,-0.09835905134962875,-0.10342980322927951,-0.10850055510893028,-0.11341635809344815,-0.11593045320340617,-0.11844454831336416,-0.12095864342332217,-0.12347273853328018,-0.1259868336432382,-0.1285376158765097,-0.1313543797538041,-0.1341711436310985,-0.1369879075083929,-0.1398046713856873,-0.1426214352629817,-0.145202111183543,-0.14672039129880537,-0.14823867141406777,-0.14975695152933013,-0.1512752316445925,-0.1527935117598549,-0.15467281949176864,-0.15768033852571803,-0.16068785755966739,-0.1636953765936168,-0.16670289562756616,-0.16971041466151554,-0.17136152654848053,-0.1698929019973814,-0.16842427744628227,-0.16695565289518316,-0.16548702834408405,-0.1640184037929849,-0.16211676807787273,-0.15945736282573764,-0.15679795757360254,-0.15413855232146748,-0.15147914706933238,-0.14881974181719732,-0.15035806146904968,-0.15759329349059928,-0.16482852551214888,-0.1712451389299877,-0.17667941002337348,-0.1821136811167593,-0.3395114828171406,-0.6583705357874593
0.78,-0.07667305586155851,-0.08101021929357705,-0.08534738272559558,-0.08968454615761412,-0.09402170958963266,-0.09835887302165121,-0.1025731913615688,-0.10488341077392185,-0.1071936301862749,-0.10950384959862794,-0.111814069010981,-0.11412428842333404,-0.11652142520333804,-0.11954871289881146,-0.1225760005942849,-0.12560328828975834,-0.12863057598523175,-0.13165786368070517,-0.13440339956095693,-0.13588105227271105,-0.1373587049844652,-0.13883635769621933,-0.14031401040797348,-0.1417916631197276,-0.14360243775683454,-0.14645421841066897,-0.14930599906450337,-0.15215777971833783,-0.15500956037217223,-0.15786134102600666,-0.15937080212942975,-0.15779292826690677,-0.15621505440438382,-0.15463718054186085,-0.15305930667933787,-0.1514814328168149,-0.14952726630500698,-0.14691458765695037,-0.14430190900889375,-0.14168923036083714,-0.13907655171278052,-0.13646387306472393,-0.13806704357920643,-0.14539172367142061,-0.15271640376363482,-0.16030036151212854,-0.16819545244815765,-0.17609054338418675,-0.3324065802102072,-0.646419872044348
0.79,-0.07019931601244059,-0.0738028909968269,-0.0774064659812132,-0.08101004096559951,-0.08461361594998582,-0.08821719093437212,-0.09173002462968945,-0.09383636834443752,-0.09594271205918561,-0.0980490557739337,-0.1001553994886818,-0.10226174320342987,-0.10450523453016637,-0.10774304604381882,-0.1109808575574713,-0.11421866907112374,-0.1174564805847762,-0.12069429209842865,-0.12360468793837083,-0.12504171324661673,-0.12647873855486264,-0.12791576386310854,-0.12935278917135445,-0.13078981447960034,-0.13253205602190044,-0.1352280982956199,-0.13792414056933938,-0.14062018284305888,-0.14331622511677836,-0.14601226739049783,-0.14738007771037903,-0.1456929545364322,-0.14400583136248538,-0.14231870818853853,-0.14063158501459172,-0.13894446184064488,-0.1369377645321412,-0.13437181248816307,-0.13180586044418494,-0.1292399084002068,-0.12667395635622866,-0.12410800431225052,-0.1257760256893632,-0.13319015385224198,-0.14060428201512076,-0.14935558409426936,-0.1597114948729418,-0.17006740565161424,-0.3253016776032739,-0.6344692083012369
0.8,-0.06372557616332267,-0.06659556270007674,-0.06946554923683082,-0.07233553577358488,-0.07520552231033896,-0.07807550884709304,-0.08088685789781008,-0.08278932591495321,-0.08469179393209633,-0.08659426194923946,-0.08849672996638258,-0.0903991979835257,-0.09248904385699469,-0.09593737918882618,-0.09938571452065767,-0.10283404985248915,-0.10628238518432064,-0.10973072051615211,-0.11280597631578472,-0.1142023742205224,-0.11559877212526007,-0.11699517002999774,-0.11839156793473539,-0.11978796583947306,-0.12146167428696633,-0.12400197818057085,-0.12654228207417537,-0.1290825859677799,-0.13162288986138443,-0.13416319375498895,-0.13538935329132826,-0.13359298080595758,-0.1317966083205869,-0.13000023583521622,-0.12820386334984554,-0.12640749086447486,-0.12434826275927546,-0.1218290373193758,-0.11930981187947612,-0.11679058643957646,-0.11427136099967679,-0.11175213555977712,-0.11348500779951994,-0.12098858403306331,-0.12849216026660668,-0.1384108066764102,-0.15122753729772595,-0.1640442679190417,-0.31819677499634047,-0.6225185445581256
0.81,-0.057251836314204746,-0.059388234403326585,-0.061524632492448425,-0.06366103058157027,-0.0657974286706921,-0.06793382675981395,-0.07004369116593072,-0.07174228348546888,-0.07344087580500705,-0.07513946812454521,-0.07683806044408338,-0.07853665276362154,-0.08047285318382301,-0.08413171233383353,-0.08779057148384406,-0.09144943063385456,-0.09510828978386508,-0.09876714893387559,-0.10200726469319864,-0.10336303519442808,-0.1047188056956575,-0.10607457619688693,-0.10743034669811635,-0.10878611719934578,-0.11039129255203221,-0.11277585806552178,-0.11516042357901135,-0.11754498909250093,-0.11992955460599049,-0.12231412011948006,-0.12339862887227747,-0.12149300707548295,-0.11958738527868842,-0.1176817634818939,-0.11577614168509937,-0.11387051988830485,-0.11175876098640972,-0.10928626215058851,-0.1068137633147673,-0.10434126447894611,-0.10186876564312491,-0.09939626680730371,-0.1011939899096767,-0.10878701421388465,-0.1163800385180926,-0.12746602925855102,-0.1427435797225101,-0.15802113018646916,-0.31109187238940716,-0.6105678808150145
0.82,-0.050778096465086894,-0.05218090610657651,-0.05358371574806613,-0.05498652538955574,-0.056389335031045366,-0.05779214467253498,-0.05920052443405148,-0.060695241055984686,-0.06218995767791789,-0.0636846742998511,-0.0651793909217843,-0.06667410754371751,-0.06845666251065148,-0.07232604547884101,-0.07619542844703056,-0.08006481141522011,-0.08393419438340965,-0.08780357735159919,-0.09120855307061267,-0.09252369616833386,-0.09383883926605505,-0.09515398236377623,-0.09646912546149743,-0.09778426855921861,-0.0993209108170982,-0.10154973795047283,-0.10377856508384745,-0.10600739221722208,-0.1082362193505967,-0.11046504648397132,-0.11140790445322685,-0.10939303334500847,-0.10737816223679009,-0.1053632911285717,-0.10334842002035333,-0.10133354891213495,-0.09916925921354408,-0.09674348698180137,-0.09431771475005862,-0.09189194251831591,-0.08946617028657318,-0.08704039805483046,-0.08890297201983359,-0.09658544439470612,-0.10426791676957867,-0.116521251840692,-0.13425962214729434,-0.1519979924538967,-0.30398696978247386,-0.5986172170719034
0.83,-0.04430435661596897,-0.04493786691962624,-0.04557137722328351,-0.04620488752694078,-0.04683839783059805,-0.04747190813425532,-0.048147420953722965,-0.04947397276825132,-0.050800524582779685,-0.05212707639730804,-0.053453628211836406,-0.05478018002636476,-0.056440471837479814,-0.060520378623848375,-0.06460028541021695,-0.06868019219658553,-0.07276009898295409,-0.07684000576932265,-0.08040984144802657,-0.08168435714223952,-0.08295887283645248,-0.08423338853066543,-0.08550790422487839,-0.08678241991909134,-0.0882505290821641,-0.09032361783542377,-0.09239670658868343,-0.09446979534194311,-0.09654288409520277,-0.09861597284846244,-0.09941718003417609,-0.09729305961453386,-0.09516893919489162,-0.0930448187752494,-0.09092069835560716,-0.08879657793596493,-0.08657975744067833,-0.08420071181301408,-0.08182166618534982,-0.07944262055768557,-0.07706357493002132,-0.07468452930235707,-0.07663943622237228,-0.08447613588566678,-0.09231283554896129,-0.10573940397052566,-0.12587381490201394,-0.1460082258335022,-0.2981016276790679,-0.5904014573708448
0.84,-0.031737161864725624,-0.03249187919547901,-0.033246596526232394,-0.034001313856985786,-0.03475603118773917,-0.035510748518492556,-0.036308620722581966,-0.037775393463379756,-0.039242166204177545,-0.040708938944975334,-0.04217571168577312,-0.04364248442657091,-0.04542490793950848,-0.04949579955045945,-0.053566691161410426,-0.0576375827723614,-0.06170847438331237,-0.06577936599426333,-0.06932331254837265,-0.07049600634669453,-0.07166870014501642,-0.0728413939433383,-0.07401408774166018,-0.07518678153998207,-0.07659509008031867,-0.07873969468945133,-0.080884299298584,-0.08302890390771667,-0.08517350851684932,-0.08731811312598198,-0.08826610235058562,-0.08646187619077247,-0.08465765003095932,-0.08285342387114618,-0.08104919771133304,-0.07924497155151988,-0.07742009638123085,-0.07555908544260898,-0.07369807450398709,-0.07183706356536522,-0.06997605262674335,-0.06811504168812148,-0.07041528663397412,-0.07836295028018506,-0.08631061392639598,-0.09999682478083413,-0.12056929228514503,-0.14114175978945592,-0.2980092442141272,-0.5996901841166856
0.85,-0.018745729166519898,-0.01969308134197021,-0.020640433517420523,-0.021587785692870835,-0.022535137868321144,-0.023482490043771457,-0.024471404982222885,-0.02610454274719163,-0.02773768051216037,-0.02937081827712911,-0.031003956042097852,-0.03263709380706659,-0.0345547502123922,-0.03853516676030514,-0.042515583308218086,-0.04649599985613102,-0.05047641640404396,-0.05445683295195689,-0.05789542109932494,-0.05889578144424095,-0.05989614178915696,-0.06089650213407298,-0.06189686247898899,-0.062897222823905,-0.06422305960866659,-0.0665660102679456,-0.06890896092722462,-0.07125191158650365,-0.07359486224578267,-0.07593781290506169,-0.07714149413171686,-0.07572485566333724,-0.07430821719495762,-0.07289157872657799,-0.07147494025819835,-0.07005830178981873,-0.06868345992383323,-0.06738176211203745,-0.06608006430024166,-0.06477836648844588,-0.06347666867665011,-0.06217497086485432,-0.0647510083292084,-0.07258968652548016,-0.08042836472175192,-0.0942581184569352,-0.1152771628388124,-0.13629620722068958,-0.2979339013586739,-0.6089789108625263
0.86,-0.005754296468314171,-0.006894283488461409,-0.008034270508608646,-0.009174257528755883,-0.010314244548903121,-0.011454231569050358,-0.012634189241863804,-0.0144336920310035,-0.016233194820143196,-0.01803269760928289,-0.019832200398422584,-0.02163170318756228,-0.023684592485275935,-0.027574533970150836,-0.031464475455025745,-0.03535441693990065,-0.039244358424775555,-0.04313429990965045,-0.04646752965027722,-0.04729555654178737,-0.048123583433297513,-0.04895161032480765,-0.0497796372163178,-0.050607664107827945,-0.051851029137014504,-0.054392325846439875,-0.056933622555865246,-0.05947491926529063,-0.062016215974716,-0.06455751268414138,-0.06601688591284811,-0.064987835135902,-0.0639587843589559,-0.06292973358200979,-0.061900682805063674,-0.06087163202811756,-0.0599468234664356,-0.05920443878146592,-0.058462054096496234,-0.05771966941152654,-0.05697728472655686,-0.056234900041587176,-0.05908673002444269,-0.06681642277077528,-0.07454611551710787,-0.08851941213303628,-0.10998503339247977,-0.13145065465192324,-0.2978585585032206,-0.6182676376083671
0.87,0.007237136229891548,0.005904514365047388,0.004571892500203227,0.0032392706353590664,0.0019066487705149049,0.0005740269056707442,-0.0007969735015047179,-0.002762841314815367,-0.0047287091281260135,-0.00669457694143666,-0.00866044475474731,-0.010626312568057955,-0.012814434758159658,-0.016613901179996525,-0.020413367601833404,-0.024212834023670273,-0.028012300445507142,-0.03181176686734401,-0.0350396382012295,-0.035695331639333784,-0.03635102507743806,-0.03700671851554233,-0.037662411953646606,-0.03831810539175088,-0.03947899866536241,-0.042218641424934145,-0.04495828418450588,-0.04769792694407762,-0.05043756970364935,-0.05317721246322108,-0.054892277693979384,-0.054250814608466785,-0.053609351522954186,-0.052967888437441595,-0.052326425351928996,-0.0516849622664164,-0.05121018700903798,-0.051027115450894396,-0.0508440438927508,-0.050660972334607215,-0.05047790077646362,-0.050294829218320035,-0.05342245171967698,-0.061043159016070395,-0.06866386631246382,-0.08278070580913735,-0.10469290394614714,-0.12660510208315692,-0.2977832156477673,-0.6275563643542078
0.88,0.020228568928097275,0.018703312218556187,0.017178055509015102,0.015652798799474014,0.014127542089932929,0.01260228538039184,0.01104024223885436,0.00890800940137276,0.006775776563891162,0.004643543726409564,0.0025113108889279635,0.00037907805144636597,-0.0019442770310433809,-0.005653268389842217,-0.009362259748641062,-0.013071251107439898,-0.016780242466238736,-0.020489233825037572,-0.02361174675218179,-0.024095106736880194,-0.0245784667215786,-0.025061826706277008,-0.025545186690975413,-0.02602854667567382,-0.027106968193710324,-0.03004495700342841,-0.0329829458131465,-0.0359209346228646,-0.03885892343258269,-0.04179691224230078,-0.043767669475110633,-0.04351379408103156,-0.043259918686952475,-0.04300604329287339,-0.04275216789879432,-0.042498292504715235,-0.042473550551640364,-0.042849792120322874,-0.04322603368900538,-0.04360227525768788,-0.04397851682637039,-0.044354758395052894,-0.04775817341491127,-0.05526989526136551,-0.06278161710781975,-0.07704199948523842,-0.09940077449981449,-0.12175954951439057,-0.2977078727923139,-0.6368450911000485
0.89,0.033220001626303,0.031502110072064986,0.029784218517826977,0.028066326963588965,0.026348435409350952,0.024630543855112937,0.02287745797921344,0.020578860117560886,0.018280262255908335,0.015981664394255784,0.013683066532603231,0.01138446867095068,0.00892588069607289,0.0053073644003120875,0.0016888481045512754,-0.0019296681912095263,-0.005548184486970328,-0.00916670078273113,-0.012183855303134072,-0.01249488183442661,-0.012805908365719149,-0.013116934897011687,-0.013427961428304226,-0.013738987959596764,-0.014734937722058243,-0.017871272581922688,-0.021007607441787132,-0.024143942301651594,-0.02728027716151604,-0.030416612021380483,-0.0326430612562419,-0.03277677355359633,-0.032910485850950764,-0.033044198148305205,-0.03317791044565964,-0.03331162274301407,-0.033736914094242745,-0.034672468789751346,-0.035608023485259946,-0.036543578180768546,-0.037479132876277146,-0.03841468757178575,-0.042093895110145566,-0.04949663150666063,-0.05689936790317569,-0.07130329316133949,-0.09410864505348188,-0.11691399694562424,-0.2976325299368606,-0.6461338178458893
0.9,0.04591221038836789,0.044331741656808296,0.042751272925248704,0.04117080419368911,0.03959033546212952,0.03800986673056993,0.03638930332903238,0.03414727254283659,0.0319052417566408,0.029663210970445008,0.027421180184249213,0.02517914939805342,0.02279857041862098,0.01941351703822279,0.016028463657824593,0.012643410277426404,0.009258356897028214,0.005873303516630027,0.0029557067571849577,0.0021416647920289517,0.0013276228268729474,0.0005135808617169435,-0.00030046110343906083,-0.0011145030685950647,-0.0024791320563693794,-0.005564345489825935,-0.00864955892328249,-0.011734772356739061,-0.014819985790195616,-0.017905199223652173,-0.020074456449254117,-0.020137014396790463,-0.02019957234432681,-0.020262130291863155,-0.0203246882393995,-0.020387246186935847,-0.02113359626592354,-0.023076582574951106,-0.025019568883978684,-0.02696255519300625,-0.028905541502033817,-0.030848527811061385,-0.03554938675111535,-0.04399307283327661,-0.05243675891543786,-0.06717962021862778,-0.0894814917870522,-0.1117833633554766,-0.29059638911909924,-0.6357025162151249
0.91,0.0584903929342339,0.057120980992545,0.05575156905085609,0.05438215710916719,0.05301274516747829,0.05164333322578939,0.05026609477741526,0.04876754547542024,0.04726899617342522,0.0457704468714302,0.04427189756943517,0.04277334826744015,0.041058487907311716,0.03777537237571603,0.03449225684412033,0.031209141312524634,0.027926025780928947,0.024642910249333252,0.021597633760074977,0.019622632961335068,0.017647632162595166,0.015672631363855265,0.013697630565115361,0.011722629766375458,0.009516241269550288,0.006586766216208647,0.0036572911628670064,0.0007278161095253498,-0.002201658943816291,-0.005131133997157932,-0.007175623543236002,-0.007184646422607863,-0.007193669301979725,-0.007202692181351586,-0.007211715060723447,-0.007220737940095308,-0.008305317989843929,-0.011272123087751903,-0.014238928185659893,-0.01720573328356787,-0.020172538381475844,-0.02313934347938382,-0.02912704832418885,-0.0392145456826399,-0.049302043041090954,-0.06437465047192352,-0.08542938998961398,-0.10648412950730445,-0.2819915655754885,-0.6216049917285768
0.92,0.07106857548009991,0.0699102203282817,0.06875186517646348,0.06759351002464527,0.06643515487282706,0.06527679972100883,0.06414288622579814,0.06338781840800388,0.06263275059020963,0.061877682772415385,0.06112261495462113,0.060367547136826884,0.05931840539600246,0.05613722771320927,0.05295605003041606,0.04977487234762287,0.046593694664829675,0.043412516982036485,0.040239560762965,0.03710360113064119,0.03396764149831739,0.03083168186599359,0.02769572223366979,0.02455976260134599,0.021511614595469963,0.018737877922243233,0.015964141249016506,0.013190404575789764,0.010416667902563037,0.007642931229336309,0.005723209362782111,0.005767721551574734,0.005812233740367357,0.00585674592915998,0.005901258117952603,0.005945770306745226,0.004522960286235679,0.000532336399447296,-0.0034582874873411076,-0.00744891137412949,-0.011439535260917871,-0.015430159147706256,-0.022704709897262344,-0.034436018532003204,-0.04616732716674406,-0.06156968072521928,-0.0813772881921758,-0.1011848956591323,-0.2733867420318778,-0.6075074672420288
0.93,0.08364675802596593,0.0826994596640184,0.08175216130207087,0.08080486294012335,0.07985756457817582,0.0789102662162283,0.07801967767418103,0.07800809134058753,0.07799650500699405,0.07798491867340057,0.07797333233980709,0.07796174600621361,0.0775783228846932,0.0744990830507025,0.0714198432167118,0.0683406033827211,0.06526136354873041,0.06218212371473972,0.05888148776585502,0.05458456929994731,0.05028765083403961,0.04599073236813191,0.04169381390222421,0.03739689543631651,0.033506987921389626,0.030888989628277814,0.028270991335166,0.02565299304205417,0.023034994748942363,0.020416996455830547,0.018622042268800224,0.018720089525757332,0.01881813678271444,0.01891618403967155,0.01901423129662866,0.019112278553585767,0.017351238562315293,0.0123367958866465,0.0073223532109776834,0.002307910535308891,-0.0027065321403598984,-0.007720974816028691,-0.01628237147033584,-0.0296574913813665,-0.04303261129239716,-0.05876471097851503,-0.0773251863947376,-0.09588566181096014,-0.26478191848826704,-0.5934099427554808
0.94,0.0962249405718318,0.09548869899975496,0.09475245742767813,0.09401621585560128,0.09327997428352444,0.0925437327114476,0.09189646912256375,0.09262836427317102,0.0933602594237783,0.09409215457438558,0.09482404972499286,0.09555594487560015,0.09583824037338373,0.09286093838819554,0.08988363640300732,0.08690633441781913,0.08392903243263093,0.08095173044744274,0.07752341476874483,0.07206553746925323,0.06660766016976165,0.061149782870270064,0.05569190557077848,0.050234028271286896,0.04550236124730917,0.04304010133431227,0.04057784142131537,0.03811558150831845,0.03565332159532155,0.03319106168232465,0.0315208751748182,0.03167245749993979,0.03182403982506138,0.03197562215018297,0.032127204475304566,0.03227878680042615,0.030179516838394756,0.02414125537384557,0.01810299390929635,0.012064732444747164,0.006026470980197977,-1.1790484351209551e-05,-0.009860033043409403,-0.02487896423072985,-0.03989789541805029,-0.055959741231810814,-0.07327308459729945,-0.09058642796278807,-0.25617709494465646,-0.5793124182689329
